Date;Order;DoW;Product;Price[$];Period;Period2;Max_rate [%];Halfpoint;Bet;Bet2;Bet3;Count;Counthalf;Price_rel[$];Price_rel[%];
1.7.2011;1;6;BTC;0;11-12;11-14;0;0;0;0;0;1;0;-16575;0;
1.14.2011;2;6;BTC;0;11-12;11-14;0;0;0;0;0;1;0;-16575;0;
1.21.2011;3;6;BTC;0;11-12;11-14;0;0;0;0;0;1;0;-16575;0;
1.28.2011;4;6;BTC;0;11-12;11-14;0;0;0;0;0;1;0;-16575;0;
2.4.2011;5;6;BTC;1;11-12;11-14;0,088339223;0;0;0;0;1;0;-16574;0,006033183;
2.11.2011;6;6;BTC;1;11-12;11-14;0,088339223;0;0;0;0;1;0;-16574;0,006033183;
2.18.2011;7;6;BTC;1;11-12;11-14;0,088339223;0;0;0;0;1;0;-16574;0,006033183;
2.25.2011;8;6;BTC;1;11-12;11-14;0,088339223;0;0;0;0;1;0;-16574;0,006033183;
3.4.2011;9;6;BTC;1;11-12;11-14;0,088339223;0;0;0;0;1;0;-16574;0,006033183;
3.11.2011;10;6;BTC;1;11-12;11-14;0,088339223;0;0;0;0;1;0;-16574;0,006033183;
3.18.2011;11;6;BTC;1;11-12;11-14;0,088339223;0;0;0;0;1;0;-16574;0,006033183;
3.25.2011;12;6;BTC;1;11-12;11-14;0,088339223;0;0;0;0;1;0;-16574;0,006033183;
4.1.2011;13;6;BTC;1;11-12;11-14;0,088339223;0;0;0;0;1;0;-16574;0,006033183;
4.8.2011;14;6;BTC;1;11-12;11-14;0,088339223;0;0;0;0;1;0;-16574;0,006033183;
4.15.2011;15;6;BTC;1;11-12;11-14;0,088339223;0;0;0;0;1;0;-16574;0,006033183;
4.22.2011;16;6;BTC;1;11-12;11-14;0,088339223;0;0;0;0;1;0;-16574;0,006033183;
4.29.2011;17;6;BTC;3;11-12;11-14;0,265017668;0;0;0;0;1;0;-16572;0,018099548;
5.6.2011;18;6;BTC;4;11-12;11-14;0,35335689;0;0;0;0;1;0;-16571;0,02413273;
5.13.2011;19;6;BTC;8;11-12;11-14;0,706713781;0;0;0;0;1;0;-16567;0,04826546;
5.20.2011;20;6;BTC;8;11-12;11-14;0,706713781;0;0;0;0;1;0;-16567;0,04826546;
5.27.2011;21;6;BTC;9;11-12;11-14;0,795053004;0;0;0;0;1;0;-16566;0,054298643;
6.3.2011;22;6;BTC;14;11-12;11-14;1,236749117;0;0;0;0;1;0;-16561;0,084464555;
6.10.2011;23;6;BTC;30;11-12;11-14;2,650176678;0;0;0;0;1;0;-16545;0,180995475;
6.17.2011;24;6;BTC;20;11-12;11-14;1,766784452;0;0;0;0;1;0;-16555;0,12066365;
6.24.2011;25;6;BTC;18;11-12;11-14;1,590106007;0;0;0;0;1;0;-16557;0,108597285;
7.1.2011;26;6;BTC;17;11-12;11-14;1,501766784;0;0;0;0;1;0;-16558;0,102564103;
7.8.2011;27;6;BTC;15;11-12;11-14;1,325088339;0;0;0;0;1;0;-16560;0,090497738;
7.15.2011;28;6;BTC;15;11-12;11-14;1,325088339;0;0;0;0;1;0;-16560;0,090497738;
7.22.2011;29;6;BTC;14;11-12;11-14;1,236749117;0;0;0;0;1;0;-16561;0,084464555;
7.29.2011;30;6;BTC;14;11-12;11-14;1,236749117;0;0;0;0;1;1;-16561;0,084464555;
8.5.2011;31;6;BTC;14;11-12;11-14;1,236749117;0;0;0;0;1;1;-16561;0,084464555;
8.12.2011;32;6;BTC;10;11-12;11-14;0,883392226;0;0;0;0;1;1;-16565;0,060331825;
8.19.2011;33;6;BTC;12;11-12;11-14;1,060070671;0;0;0;0;1;1;-16563;0,07239819;
8.26.2011;34;6;BTC;11;11-12;11-14;0,971731449;0;0;0;0;1;1;-16564;0,066365008;
9.2.2011;35;6;BTC;9;11-12;11-14;0,795053004;0;0;0;0;1;1;-16566;0,054298643;
9.9.2011;36;6;BTC;8;11-12;11-14;0,706713781;0;0;0;0;1;1;-16567;0,04826546;
9.16.2011;37;6;BTC;6;11-12;11-14;0,530035336;0;0;0;0;1;1;-16569;0,036199095;
9.23.2011;38;6;BTC;6;11-12;11-14;0,530035336;0;0;0;0;1;1;-16569;0,036199095;
9.30.2011;39;6;BTC;5;11-12;11-14;0,441696113;0;0;0;0;1;1;-16570;0,030165913;
10.7.2011;40;6;BTC;5;11-12;11-14;0,441696113;0;0;0;0;1;1;-16570;0,030165913;
10.14.2011;41;6;BTC;4;11-12;11-14;0,35335689;0;0;0;0;1;1;-16571;0,02413273;
10.21.2011;42;6;BTC;4;11-12;11-14;0,35335689;0;0;0;0;1;1;-16571;0,02413273;
10.28.2011;43;6;BTC;3;11-12;11-14;0,265017668;0;0;0;0;1;1;-16572;0,018099548;
11.4.2011;44;6;BTC;4;11-12;11-14;0,35335689;0;0;0;0;1;1;-16571;0,02413273;
11.11.2011;45;6;BTC;3;11-12;11-14;0,265017668;0;0;0;0;1;1;-16572;0,018099548;
11.18.2011;46;6;BTC;3;11-12;11-14;0,265017668;0;0;0;0;1;1;-16572;0,018099548;
11.25.2011;47;6;BTC;3;11-12;11-14;0,265017668;0;0;0;0;1;1;-16572;0,018099548;
12.2.2011;48;6;BTC;3;11-12;11-14;0,265017668;0;0;0;0;1;1;-16572;0,018099548;
12.9.2011;49;6;BTC;3;11-12;11-14;0,265017668;0;0;0;0;1;1;-16572;0,018099548;
12.16.2011;50;6;BTC;3;11-12;11-14;0,265017668;0;0;0;0;1;1;-16572;0,018099548;
12.23.2011;51;6;BTC;4;11-12;11-14;0,35335689;0;0;0;0;1;1;-16571;0,02413273;
12.30.2011;52;6;BTC;4;11-12;11-14;0,35335689;0;0;0;0;1;1;-16571;0,02413273;
1.6.2012;53;6;BTC;7;11-12;11-14;0,618374558;0;0;0;0;1;1;-16568;0,042232278;
1.13.2012;54;6;BTC;7;11-12;11-14;0,618374558;0;0;0;0;1;1;-16568;0,042232278;
1.20.2012;55;6;BTC;7;11-12;11-14;0,618374558;0;0;0;0;1;1;-16568;0,042232278;
1.27.2012;56;6;BTC;7;11-12;11-14;0,618374558;0;0;0;0;1;1;-16568;0,042232278;
2.3.2012;57;6;BTC;6;11-12;11-14;0,530035336;0;0;0;0;1;1;-16569;0,036199095;
2.10.2012;58;6;BTC;6;11-12;11-14;0,530035336;0;0;0;0;1;1;-16569;0,036199095;
2.17.2012;59;6;BTC;6;11-12;11-14;0,530035336;0;0;0;0;1;1;-16569;0,036199095;
2.24.2012;60;6;BTC;5;11-12;11-14;0,441696113;0;0;0;0;1;1;-16570;0,030165913;
3.2.2012;61;6;BTC;5;11-12;11-14;0,441696113;0;0;0;0;1;1;-16570;0,030165913;
3.9.2012;62;6;BTC;5;11-12;11-14;0,441696113;0;0;0;0;1;1;-16570;0,030165913;
3.16.2012;63;6;BTC;5;11-12;11-14;0,441696113;0;0;0;0;1;1;-16570;0,030165913;
3.23.2012;64;6;BTC;5;11-12;11-14;0,441696113;0;0;0;0;1;1;-16570;0,030165913;
3.30.2012;65;6;BTC;5;11-12;11-14;0,441696113;0;0;0;0;1;1;-16570;0,030165913;
4.6.2012;66;6;BTC;5;11-12;11-14;0,441696113;0;0;0;0;1;1;-16570;0,030165913;
4.13.2012;67;6;BTC;5;11-12;11-14;0,441696113;0;0;0;0;1;1;-16570;0,030165913;
4.20.2012;68;6;BTC;5;11-12;11-14;0,441696113;0;0;0;0;1;1;-16570;0,030165913;
4.27.2012;69;6;BTC;5;11-12;11-14;0,441696113;0;0;0;0;1;1;-16570;0,030165913;
5.4.2012;70;6;BTC;5;11-12;11-14;0,441696113;0;0;0;0;1;1;-16570;0,030165913;
5.11.2012;71;6;BTC;5;11-12;11-14;0,441696113;0;0;0;0;1;1;-16570;0,030165913;
5.18.2012;72;6;BTC;5;11-12;11-14;0,441696113;0;0;0;0;1;1;-16570;0,030165913;
5.25.2012;73;6;BTC;5;11-12;11-14;0,441696113;0;0;0;0;1;1;-16570;0,030165913;
6.1.2012;74;6;BTC;5;11-12;11-14;0,441696113;0;0;0;0;1;1;-16570;0,030165913;
6.8.2012;75;6;BTC;6;11-12;11-14;0,530035336;0;0;0;0;1;1;-16569;0,036199095;
6.15.2012;76;6;BTC;6;11-12;11-14;0,530035336;0;0;0;0;1;1;-16569;0,036199095;
6.22.2012;77;6;BTC;7;11-12;11-14;0,618374558;0;0;0;0;1;1;-16568;0,042232278;
6.29.2012;78;6;BTC;7;11-12;11-14;0,618374558;0;0;0;0;1;1;-16568;0,042232278;
7.6.2012;79;6;BTC;7;11-12;11-14;0,618374558;0;0;0;0;1;1;-16568;0,042232278;
7.13.2012;80;6;BTC;8;11-12;11-14;0,706713781;0;0;0;0;1;1;-16567;0,04826546;
7.20.2012;81;6;BTC;9;11-12;11-14;0,795053004;0;0;0;0;1;1;-16566;0,054298643;
7.27.2012;82;6;BTC;9;11-12;11-14;0,795053004;0;0;0;0;1;1;-16566;0,054298643;
8.3.2012;83;6;BTC;11;11-12;11-14;0,971731449;0;0;0;0;1;1;-16564;0,066365008;
8.10.2012;84;6;BTC;11;11-12;11-14;0,971731449;0;0;0;0;1;1;-16564;0,066365008;
8.17.2012;85;6;BTC;13;11-12;11-14;1,148409894;0;0;0;0;1;1;-16562;0,078431373;
8.24.2012;86;6;BTC;12;11-12;11-14;1,060070671;0;0;0;0;1;1;-16563;0,07239819;
8.31.2012;87;6;BTC;11;11-12;11-14;0,971731449;0;0;0;0;1;1;-16564;0,066365008;
9.7.2012;88;6;BTC;11;11-12;11-14;0,971731449;0;0;0;0;1;1;-16564;0,066365008;
9.14.2012;89;6;BTC;12;11-12;11-14;1,060070671;0;0;0;0;1;1;-16563;0,07239819;
9.21.2012;90;6;BTC;12;11-12;11-14;1,060070671;0;0;0;0;1;1;-16563;0,07239819;
9.28.2012;91;6;BTC;12;11-12;11-14;1,060070671;0;0;0;0;1;1;-16563;0,07239819;
10.5.2012;92;6;BTC;13;11-12;11-14;1,148409894;0;0;0;0;1;1;-16562;0,078431373;
10.12.2012;93;6;BTC;12;11-12;11-14;1,060070671;0;0;0;0;1;1;-16563;0,07239819;
10.19.2012;94;6;BTC;12;11-12;11-14;1,060070671;0;0;0;0;1;1;-16563;0,07239819;
10.26.2012;95;6;BTC;12;11-12;11-14;1,060070671;0;0;0;0;1;1;-16563;0,07239819;
11.2.2012;96;6;BTC;11;11-12;11-14;0,971731449;0;0;0;0;1;1;-16564;0,066365008;
11.9.2012;97;6;BTC;11;11-12;11-14;0,971731449;0;0;0;0;1;1;-16564;0,066365008;
11.16.2012;98;6;BTC;11;11-12;11-14;0,971731449;0;0;0;0;1;1;-16564;0,066365008;
11.23.2012;99;6;BTC;12;11-12;11-14;1,060070671;0;0;0;0;1;1;-16563;0,07239819;
11.30.2012;100;6;BTC;12;11-12;11-14;1,060070671;300;0;0;0;1;1;-16563;0,07239819;x
12.7.2012;101;6;BTC;13;11-12;11-14;1,148409894;0;0;0;0;1;1;-16562;0,078431373;
12.14.2012;102;6;BTC;14;11-12;11-14;1,236749117;0;0;0;0;1;1;-16561;0,084464555;
12.21.2012;103;6;BTC;13;11-12;11-14;1,148409894;0;0;0;0;1;1;-16562;0,078431373;
12.28.2012;104;6;BTC;13;11-12;11-14;1,148409894;0;0;0;0;1;1;-16562;0,078431373;
1.4.2013;105;6;BTC;13;13-14;11-14;1,148409894;0;0;0;0;1;1;-16562;0,078431373;
1.11.2013;106;6;BTC;14;13-14;11-14;1,236749117;0;0;0;0;1;1;-16561;0,084464555;
1.18.2013;107;6;BTC;16;13-14;11-14;1,413427562;0;0;0;0;1;1;-16559;0,09653092;
1.25.2013;108;6;BTC;18;13-14;11-14;1,590106007;0;0;0;0;1;1;-16557;0,108597285;
2.1.2013;109;6;BTC;20;13-14;11-14;1,766784452;0;0;0;0;1;1;-16555;0,12066365;
2.8.2013;110;6;BTC;22;13-14;11-14;1,943462898;0;0;0;0;1;1;-16553;0,132730015;
2.15.2013;111;6;BTC;27;13-14;11-14;2,385159011;0;0;0;0;1;1;-16548;0,162895928;
2.22.2013;112;6;BTC;30;13-14;11-14;2,650176678;0;0;0;0;1;1;-16545;0,180995475;
3.1.2013;113;6;BTC;35;13-14;11-14;3,091872792;0;0;0;0;1;1;-16540;0,211161388;
3.8.2013;114;6;BTC;44;13-14;11-14;3,886925795;0;0;0;0;1;1;-16531;0,26546003;
3.15.2013;115;6;BTC;48;13-14;11-14;4,240282686;0;0;0;0;1;1;-16527;0,28959276;
3.22.2013;116;6;BTC;72;13-14;11-14;6,360424028;0;0;0;0;1;1;-16503;0,43438914;
3.29.2013;117;6;BTC;90;13-14;11-14;7,950530035;0;0;0;0;1;1;-16485;0,542986425;
4.5.2013;118;6;BTC;142;13-14;11-14;12,54416961;0;0;0;0;1;1;-16433;0,856711916;
4.12.2013;119;6;BTC;229;13-14;11-14;20,22968198;0;0;0;0;1;1;-16346;1,381598793;
4.19.2013;120;6;BTC;118;13-14;11-14;10,42402827;0;0;0;0;1;1;-16457;0,711915535;
4.26.2013;121;6;BTC;149;13-14;11-14;13,16254417;0;0;0;0;1;1;-16426;0,898944193;
5.3.2013;122;6;BTC;143;13-14;11-14;12,63250883;0;0;0;0;1;1;-16432;0,862745098;
5.10.2013;123;6;BTC;118;13-14;11-14;10,42402827;0;0;0;0;1;1;-16457;0,711915535;
5.17.2013;124;6;BTC;117;13-14;11-14;10,33568905;0;0;0;0;1;1;-16458;0,705882353;
5.24.2013;125;6;BTC;129;13-14;11-14;11,39575972;0;0;0;0;1;1;-16446;0,778280543;
5.31.2013;126;6;BTC;130;13-14;11-14;11,48409894;0;0;0;0;1;1;-16445;0,784313725;
6.7.2013;127;6;BTC;129;13-14;11-14;11,39575972;0;0;0;0;1;1;-16446;0,778280543;
6.14.2013;128;6;BTC;109;13-14;11-14;9,628975265;0;0;0;0;1;1;-16466;0,657616893;
6.21.2013;129;6;BTC;105;13-14;11-14;9,275618375;0;0;0;0;1;1;-16470;0,633484163;
6.28.2013;130;6;BTC;100;13-14;11-14;8,833922261;0;0;0;0;1;1;-16475;0,60331825;
7.5.2013;131;6;BTC;90;13-14;11-14;7,950530035;0;0;0;0;1;1;-16485;0,542986425;
7.12.2013;132;6;BTC;90;13-14;11-14;7,950530035;0;0;0;0;1;1;-16485;0,542986425;
7.19.2013;133;6;BTC;94;13-14;11-14;8,303886926;0;0;0;0;1;1;-16481;0,567119155;
7.26.2013;134;6;BTC;90;13-14;11-14;7,950530035;0;0;0;0;1;1;-16485;0,542986425;
8.2.2013;135;6;BTC;98;13-14;11-14;8,657243816;0;0;0;0;1;1;-16477;0,591251885;
8.9.2013;136;6;BTC;98;13-14;11-14;8,657243816;0;0;0;0;1;1;-16477;0,591251885;
8.16.2013;137;6;BTC;99;13-14;11-14;8,745583039;0;0;0;0;1;1;-16476;0,597285068;
8.23.2013;138;6;BTC;110;13-14;11-14;9,717314488;0;0;0;0;1;1;-16465;0,663650075;
8.30.2013;139;6;BTC;125;13-14;11-14;11,04240283;0;0;0;0;1;1;-16450;0,754147813;
9.6.2013;140;6;BTC;131;13-14;11-14;11,57243816;0;0;0;0;1;1;-16444;0,790346908;
9.13.2013;141;6;BTC;128;13-14;11-14;11,30742049;0;0;0;0;1;1;-16447;0,77224736;
9.20.2013;142;6;BTC;127;13-14;11-14;11,21908127;0;0;0;0;1;1;-16448;0,766214178;
9.27.2013;143;6;BTC;127;13-14;11-14;11,21908127;0;0;0;0;1;1;-16448;0,766214178;
10.4.2013;144;6;BTC;127;13-14;11-14;11,21908127;0;0;0;0;1;1;-16448;0,766214178;
10.11.2013;145;6;BTC;127;13-14;11-14;11,21908127;0;0;0;0;1;1;-16448;0,766214178;
10.18.2013;146;6;BTC;153;13-14;11-14;13,51590106;0;0;0;0;1;1;-16422;0,923076923;
10.25.2013;147;6;BTC;204;13-14;11-14;18,02120141;0;0;0;0;1;1;-16371;1,230769231;
11.1.2013;148;6;BTC;205;13-14;11-14;18,10954064;0;0;0;0;1;1;-16370;1,236802413;
11.8.2013;149;6;BTC;334;13-14;11-14;29,50530035;0;0;0;0;1;1;-16241;2,015082956;
11.15.2013;150;6;BTC;417;13-14;11-14;36,83745583;0;0;0;0;1;1;-16158;2,515837104;
11.22.2013;151;6;BTC;795;13-14;11-14;70,22968198;0;0;0;0;1;1;-15780;4,79638009;
11.29.2013;152;6;BTC;1132;13-14;11-14;100;0;0;0;0;1;1;-15443;6,829562594;
12.6.2013;153;6;BTC;1132;13-14;11-14;100;0;0;0;0;1;1;-15443;6,829562594;
12.13.2013;154;6;BTC;979;13-14;11-14;86,48409894;0;0;0;0;1;1;-15596;5,906485671;
12.20.2013;155;6;BTC;862;13-14;11-14;76,14840989;0;0;0;0;1;1;-15713;5,200603318;
12.27.2013;156;6;BTC;747;13-14;11-14;65,98939929;0;0;0;0;1;1;-15828;4,50678733;
1.3.2014;157;6;BTC;809;13-14;11-14;71,4664311;0;0;0;0;1;1;-15766;4,880844646;
1.10.2014;158;6;BTC;919;13-14;11-14;81,18374558;0;0;0;0;1;1;-15656;5,544494721;
1.17.2014;159;6;BTC;897;13-14;11-14;79,24028269;0;0;0;0;1;1;-15678;5,411764706;
1.24.2014;160;6;BTC;842;13-14;11-14;74,38162544;0;0;0;0;1;1;-15733;5,079939668;
1.31.2014;161;6;BTC;815;13-14;11-14;71,99646643;0;0;0;0;1;1;-15760;4,917043741;
2.7.2014;162;6;BTC;815;13-14;11-14;71,99646643;0;0;0;0;1;1;-15760;4,917043741;
2.14.2014;163;6;BTC;688;13-14;11-14;60,77738516;0;0;0;0;1;1;-15887;4,150829563;
2.21.2014;164;6;BTC;656;13-14;11-14;57,95053004;0;0;0;0;1;1;-15919;3,957767722;
2.28.2014;165;6;BTC;611;13-14;11-14;53,97526502;0;0;0;0;1;1;-15964;3,68627451;
3.7.2014;166;6;BTC;678;13-14;11-14;59,89399293;0;0;0;0;1;1;-15897;4,090497738;
3.14.2014;167;6;BTC;641;13-14;11-14;56,6254417;0;0;0;0;1;1;-15934;3,867269985;
3.21.2014;168;6;BTC;637;13-14;11-14;56,27208481;0;0;0;0;1;1;-15938;3,843137255;
3.28.2014;169;6;BTC;586;13-14;11-14;51,76678445;0;0;0;0;1;1;-15989;3,535444947;
4.4.2014;170;6;BTC;492;13-14;11-14;43,46289753;0;0;0;0;1;1;-16083;2,968325792;
4.11.2014;171;6;BTC;465;13-14;11-14;41,07773852;0;0;0;0;1;1;-16110;2,805429864;
4.18.2014;172;6;BTC;530;13-14;11-14;46,81978799;0;0;0;0;1;1;-16045;3,197586727;
4.25.2014;173;6;BTC;504;13-14;11-14;44,5229682;0;0;0;0;1;1;-16071;3,040723982;
5.2.2014;174;6;BTC;461;13-14;11-14;40,72438163;0;0;0;0;1;1;-16114;2,781297134;
5.9.2014;175;6;BTC;452;13-14;11-14;39,92932862;0;0;0;0;1;1;-16123;2,726998492;
5.16.2014;176;6;BTC;455;13-14;11-14;40,19434629;0;0;0;0;1;1;-16120;2,745098039;
5.23.2014;177;6;BTC;530;13-14;11-14;46,81978799;0;0;0;0;1;1;-16045;3,197586727;
5.30.2014;178;6;BTC;621;13-14;11-14;54,85865724;0;0;0;0;1;1;-15954;3,746606335;
6.6.2014;179;6;BTC;670;13-14;11-14;59,18727915;0;0;0;0;1;1;-15905;4,042232278;
6.13.2014;180;6;BTC;658;13-14;11-14;58,12720848;0;0;0;0;1;1;-15917;3,969834087;
6.20.2014;181;6;BTC;607;13-14;11-14;53,62190813;0;0;0;0;1;1;-15968;3,66214178;
6.27.2014;182;6;BTC;600;13-14;11-14;53,00353357;0;0;0;0;1;1;-15975;3,619909502;
7.4.2014;183;6;BTC;651;13-14;11-14;57,50883392;0;0;0;0;1;1;-15924;3,92760181;
7.11.2014;184;6;BTC;635;13-14;11-14;56,09540636;0;0;0;0;1;1;-15940;3,83107089;
7.18.2014;185;6;BTC;638;13-14;11-14;56,36042403;0;0;0;0;1;1;-15937;3,849170437;
7.25.2014;186;6;BTC;629;13-14;11-14;55,56537102;0;0;0;0;1;1;-15946;3,794871795;
8.1.2014;187;6;BTC;598;13-14;11-14;52,82685512;0;0;0;0;1;1;-15977;3,607843137;
8.8.2014;188;6;BTC;590;13-14;11-14;52,12014134;0;0;0;0;1;1;-15985;3,559577677;
8.15.2014;189;6;BTC;591;13-14;11-14;52,20848057;0;0;0;0;1;1;-15984;3,56561086;
8.22.2014;190;6;BTC;522;13-14;11-14;46,1130742;0;0;0;0;1;1;-16053;3,149321267;
8.29.2014;191;6;BTC;512;13-14;11-14;45,22968198;0;0;0;0;1;1;-16063;3,088989442;
9.5.2014;192;6;BTC;501;13-14;11-14;44,25795053;0;0;0;0;1;1;-16074;3,022624434;
9.12.2014;193;6;BTC;480;13-14;11-14;42,40282686;0;0;0;0;1;1;-16095;2,895927602;
9.19.2014;194;6;BTC;478;13-14;11-14;42,22614841;0;0;0;0;1;1;-16097;2,883861237;
9.26.2014;195;6;BTC;439;13-14;11-14;38,78091873;0;0;0;0;1;1;-16136;2,648567119;
10.3.2014;196;6;BTC;402;13-14;11-14;35,51236749;0;0;0;0;1;1;-16173;2,425339367;
10.10.2014;197;6;BTC;364;13-14;11-14;32,15547703;0;0;0;0;1;1;-16211;2,196078431;
10.17.2014;198;6;BTC;403;13-14;11-14;35,60070671;0;0;0;0;1;1;-16172;2,431372549;
10.24.2014;199;6;BTC;391;13-14;11-14;34,54063604;0;0;0;0;1;1;-16184;2,358974359;
10.31.2014;200;6;BTC;357;13-14;11-14;31,53710247;0;0;0;0;1;1;-16218;2,153846154;
11.7.2014;201;6;BTC;350;13-14;11-14;30,91872792;0;0;0;0;1;1;-16225;2,111613876;
11.14.2014;202;6;BTC;427;13-14;11-14;37,72084806;0;0;0;0;1;1;-16148;2,576168929;
11.21.2014;203;6;BTC;390;13-14;11-14;34,45229682;0;0;0;0;1;1;-16185;2,352941176;
11.28.2014;204;6;BTC;377;13-14;11-14;33,30388693;0;0;0;0;1;1;-16198;2,274509804;
12.5.2014;205;6;BTC;380;13-14;11-14;33,56890459;0;0;0;0;1;1;-16195;2,292609351;
12.12.2014;206;6;BTC;377;13-14;11-14;33,30388693;0;0;0;0;1;1;-16198;2,274509804;
12.19.2014;207;6;BTC;357;13-14;11-14;31,53710247;0;0;0;0;1;1;-16218;2,153846154;
12.26.2014;208;6;BTC;337;13-14;11-14;29,77031802;0;0;0;0;1;1;-16238;2,033182504;
1.2.2015;209;6;BTC;321;15-16;15-18;1,672920575;0;0;0;0;1;0;-16254;1,936651584;x
1.9.2015;210;6;BTC;298;15-16;15-18;1,553053992;0;0;0;0;1;0;-16277;1,797888386;
1.16.2015;211;6;BTC;276;15-16;15-18;1,438398999;0;0;0;0;1;0;-16299;1,665158371;
1.23.2015;212;6;BTC;234;15-16;15-18;1,219512195;0;0;0;0;1;0;-16341;1,411764706;
1.30.2015;213;6;BTC;275;15-16;15-18;1,433187409;0;0;0;0;1;0;-16300;1,659125189;
2.6.2015;214;6;BTC;238;15-16;15-18;1,240358557;0;0;0;0;1;0;-16337;1,435897436;
2.13.2015;215;6;BTC;237;15-16;15-18;1,235146967;0;0;0;0;1;0;-16338;1,429864253;
2.20.2015;216;6;BTC;257;15-16;15-18;1,339378778;0;0;0;0;1;1;-16318;1,550527903;
2.27.2015;217;6;BTC;253;15-16;15-18;1,318532416;0;0;0;0;1;1;-16322;1,526395173;
3.6.2015;218;6;BTC;281;15-16;15-18;1,464456952;0;0;0;0;1;1;-16294;1,695324284;
3.13.2015;219;6;BTC;297;15-16;15-18;1,547842402;0;0;0;0;1;1;-16278;1,791855204;
3.20.2015;220;6;BTC;289;15-16;15-18;1,506149677;0;0;0;0;1;1;-16286;1,743589744;
3.27.2015;221;6;BTC;268;15-16;15-18;1,396706275;0;0;0;0;1;1;-16307;1,616892911;
4.3.2015;222;6;BTC;254;15-16;15-18;1,323744007;0;0;0;0;1;1;-16321;1,532428356;
4.10.2015;223;6;BTC;261;15-16;15-18;1,360225141;0;0;0;0;1;1;-16314;1,574660633;
4.17.2015;224;6;BTC;237;15-16;15-18;1,235146967;0;0;0;0;1;1;-16338;1,429864253;
4.24.2015;225;6;BTC;236;15-16;15-18;1,229935376;0;0;0;0;1;1;-16339;1,423831071;
5.1.2015;226;6;BTC;236;15-16;15-18;1,229935376;0;0;0;0;1;1;-16339;1,423831071;
5.8.2015;227;6;BTC;243;15-16;15-18;1,26641651;0;0;0;0;1;1;-16332;1,466063348;
5.15.2015;228;6;BTC;242;15-16;15-18;1,26120492;0;0;0;0;1;1;-16333;1,460030166;
5.22.2015;229;6;BTC;239;15-16;15-18;1,245570148;0;0;0;0;1;1;-16336;1,441930618;
5.29.2015;230;6;BTC;239;15-16;15-18;1,245570148;0;0;0;0;1;1;-16336;1,441930618;
6.5.2015;231;6;BTC;232;15-16;15-18;1,209089014;0;0;0;0;1;1;-16343;1,399698341;
6.12.2015;232;6;BTC;229;15-16;15-18;1,193454242;0;0;0;0;1;1;-16346;1,381598793;
6.19.2015;233;6;BTC;250;15-16;15-18;1,302897644;0;0;0;0;1;1;-16325;1,508295626;
6.26.2015;234;6;BTC;246;15-16;15-18;1,282051282;0;0;0;0;1;1;-16329;1,484162896;
7.3.2015;235;6;BTC;263;15-16;15-18;1,370648322;0;0;0;0;1;1;-16312;1,586726998;
7.10.2015;236;6;BTC;285;15-16;15-18;1,485303315;0;0;0;0;1;1;-16290;1,719457014;
7.17.2015;237;6;BTC;311;15-16;15-18;1,62080467;0;0;0;0;1;1;-16264;1,876319759;
7.24.2015;238;6;BTC;289;15-16;15-18;1,506149677;0;0;0;0;1;1;-16286;1,743589744;
7.31.2015;239;6;BTC;294;15-16;15-18;1,53220763;0;0;0;0;1;1;-16281;1,773755656;
8.7.2015;240;6;BTC;285;15-16;15-18;1,485303315;0;0;0;0;1;1;-16290;1,719457014;
8.14.2015;241;6;BTC;271;15-16;15-18;1,412341046;0;0;0;0;1;1;-16304;1,634992459;
8.21.2015;242;6;BTC;261;15-16;15-18;1,360225141;0;0;0;0;1;1;-16314;1,574660633;
8.28.2015;243;6;BTC;232;15-16;15-18;1,209089014;0;0;0;0;1;1;-16343;1,399698341;
9.4.2015;244;6;BTC;231;15-16;15-18;1,203877423;0;0;0;0;1;1;-16344;1,393665158;
9.11.2015;245;6;BTC;244;15-16;15-18;1,271628101;0;0;0;0;1;1;-16331;1,472096531;
9.18.2015;246;6;BTC;235;15-16;15-18;1,224723786;0;0;0;0;1;1;-16340;1,417797888;
9.25.2015;247;6;BTC;235;15-16;15-18;1,224723786;0;0;0;0;1;1;-16340;1,417797888;
10.2.2015;248;6;BTC;239;15-16;15-18;1,245570148;0;0;0;0;1;1;-16336;1,441930618;
10.9.2015;249;6;BTC;247;15-16;15-18;1,287262873;0;0;0;0;1;1;-16328;1,490196078;
10.16.2015;250;6;BTC;263;15-16;15-18;1,370648322;0;0;0;0;1;1;-16312;1,586726998;
10.23.2015;251;6;BTC;279;15-16;15-18;1,454033771;0;0;0;0;1;1;-16296;1,683257919;
10.30.2015;252;6;BTC;329;15-16;15-18;1,7146133;0;0;0;0;1;1;-16246;1,984917044;
11.6.2015;253;6;BTC;408;15-16;15-18;2,126328956;0;0;0;0;1;1;-16167;2,461538462;
11.13.2015;254;6;BTC;384;15-16;15-18;2,001250782;0;0;0;0;1;1;-16191;2,316742081;
11.20.2015;255;6;BTC;336;15-16;15-18;1,751094434;0;0;0;0;1;1;-16239;2,027149321;
11.27.2015;256;6;BTC;357;15-16;15-18;1,860537836;0;0;0;0;1;1;-16218;2,153846154;
12.4.2015;257;6;BTC;377;15-16;15-18;1,964769648;0;0;0;0;1;1;-16198;2,274509804;
12.11.2015;258;6;BTC;453;15-16;15-18;2,360850532;0;0;0;0;1;1;-16122;2,733031674;
12.18.2015;259;6;BTC;465;15-16;15-18;2,423389619;0;0;0;0;1;1;-16110;2,805429864;
1.8.2016;260;6;BTC;457;15-16;15-18;2,381696894;0;0;0;0;1;1;-16118;2,757164404;
1.15.2016;261;6;BTC;449;15-16;15-18;2,340004169;0;0;0;0;1;1;-16126;2,708898944;
1.22.2016;262;6;BTC;416;15-16;15-18;2,16802168;0;0;0;0;1;1;-16159;2,509803922;
1.29.2016;263;6;BTC;402;15-16;15-18;2,095059412;0;0;0;0;1;1;-16173;2,425339367;
2.5.2016;264;6;BTC;388;15-16;15-18;2,022097144;0;0;0;0;1;1;-16187;2,340874811;
2.12.2016;265;6;BTC;383;15-16;15-18;1,996039191;0;0;0;0;1;1;-16192;2,310708899;
2.19.2016;266;6;BTC;421;15-16;15-18;2,194079633;0;0;0;0;1;1;-16154;2,539969834;
2.26.2016;267;6;BTC;439;15-16;15-18;2,287888263;0;0;0;0;1;1;-16136;2,648567119;
3.4.2016;268;6;BTC;435;15-16;15-18;2,267041901;0;0;0;0;1;1;-16140;2,624434389;
3.11.2016;269;6;BTC;419;15-16;15-18;2,183656452;0;0;0;0;1;1;-16156;2,527903469;
3.18.2016;270;6;BTC;418;15-16;15-18;2,178444861;0;0;0;0;1;1;-16157;2,521870287;
3.25.2016;271;6;BTC;418;15-16;15-18;2,178444861;0;0;0;0;1;1;-16157;2,521870287;
4.1.2016;272;6;BTC;425;15-16;15-18;2,214925995;0;0;0;0;1;1;-16150;2,564102564;
4.8.2016;273;6;BTC;423;15-16;15-18;2,204502814;0;0;0;0;1;1;-16152;2,552036199;
4.15.2016;274;6;BTC;429;15-16;15-18;2,235772358;0;0;0;0;1;1;-16146;2,588235294;
4.22.2016;275;6;BTC;451;15-16;15-18;2,35042735;0;0;0;0;1;1;-16124;2,720965309;
4.29.2016;276;6;BTC;467;15-16;15-18;2,4338128;0;0;0;0;1;1;-16108;2,817496229;
5.6.2016;277;6;BTC;458;15-16;15-18;2,386908484;0;0;0;0;1;1;-16117;2,763197587;
5.13.2016;278;6;BTC;461;15-16;15-18;2,402543256;0;0;0;0;1;1;-16114;2,781297134;
5.20.2016;279;6;BTC;458;15-16;15-18;2,386908484;0;0;0;0;1;1;-16117;2,763197587;
5.27.2016;280;6;BTC;472;15-16;15-18;2,459870753;0;0;0;0;1;1;-16103;2,847662142;
6.3.2016;281;6;BTC;570;15-16;15-18;2,970606629;0;0;0;0;1;1;-16005;3,438914027;
6.10.2016;282;6;BTC;585;15-16;15-18;3,048780488;0;0;0;0;1;1;-15990;3,529411765;
6.17.2016;283;6;BTC;767;15-16;15-18;3,997289973;0;0;0;0;1;1;-15808;4,62745098;
6.24.2016;284;6;BTC;761;15-16;15-18;3,966020429;0;0;0;0;1;1;-15814;4,591251885;
7.1.2016;285;6;BTC;675;15-16;15-18;3,51782364;0;0;0;0;1;1;-15900;4,07239819;
7.8.2016;286;6;BTC;702;15-16;15-18;3,658536585;300;0;0;0;1;1;-15873;4,235294118;x
7.15.2016;287;6;BTC;665;15-16;15-18;3,465707734;0;0;0;0;1;1;-15910;4,012066365;
7.22.2016;288;6;BTC;680;15-16;15-18;3,543881593;0;0;0;0;1;1;-15895;4,102564103;
7.29.2016;289;6;BTC;661;15-16;15-18;3,444861372;0;0;0;0;1;1;-15914;3,987933635;
8.5.2016;290;6;BTC;655;15-16;15-18;3,413591828;0;0;0;0;1;1;-15920;3,95173454;
8.12.2016;291;6;BTC;592;15-16;15-18;3,085261622;0;0;0;0;1;1;-15983;3,571644042;
8.19.2016;292;6;BTC;584;15-16;15-18;3,043568897;0;0;0;0;1;1;-15991;3,523378582;
8.26.2016;293;6;BTC;583;15-16;15-18;3,038357307;0;0;0;0;1;1;-15992;3,5173454;
9.2.2016;294;6;BTC;576;15-16;15-18;3,001876173;0;0;0;0;1;1;-15999;3,475113122;
9.9.2016;295;6;BTC;626;15-16;15-18;3,262455701;0;0;0;0;1;1;-15949;3,776772247;
9.16.2016;296;6;BTC;622;15-16;15-18;3,241609339;0;0;0;0;1;1;-15953;3,752639517;
9.23.2016;297;6;BTC;609;15-16;15-18;3,173858662;0;0;0;0;1;1;-15966;3,674208145;
9.30.2016;298;6;BTC;608;15-16;15-18;3,168647071;0;0;0;0;1;1;-15967;3,668174962;
10.7.2016;299;6;BTC;615;15-16;15-18;3,205128205;0;0;0;0;1;1;-15960;3,71040724;
10.14.2016;300;6;BTC;639;15-16;15-18;3,330206379;0;0;0;0;1;1;-15936;3,85520362;
10.21.2016;301;6;BTC;639;15-16;15-18;3,330206379;0;0;0;0;1;1;-15936;3,85520362;
10.28.2016;302;6;BTC;686;15-16;15-18;3,575151136;0;0;0;0;1;1;-15889;4,138763198;
11.4.2016;303;6;BTC;742;15-16;15-18;3,867000208;0;0;0;0;1;1;-15833;4,476621418;
11.11.2016;304;6;BTC;722;15-16;15-18;3,762768397;0;0;0;0;1;1;-15853;4,355957768;
11.18.2016;305;6;BTC;749;15-16;15-18;3,903481343;0;0;0;0;1;1;-15826;4,518853695;
11.25.2016;306;6;BTC;751;15-16;15-18;3,913904524;0;0;0;0;1;1;-15824;4,53092006;
12.2.2016;307;6;BTC;770;15-16;15-18;4,012924745;0;0;0;0;1;1;-15805;4,645550528;
12.9.2016;308;6;BTC;770;15-16;15-18;4,012924745;0;0;0;0;1;1;-15805;4,645550528;
12.16.2016;309;6;BTC;781;15-16;15-18;4,070252241;0;0;0;0;1;1;-15794;4,711915535;
12.23.2016;310;6;BTC;914;15-16;15-18;4,763393788;0;0;0;0;1;1;-15661;5,514328808;
12.30.2016;311;6;BTC;976;15-16;15-18;5,086512404;0;0;0;0;1;1;-15599;5,888386124;
1.6.2017;312;6;BTC;1115;17-18;15-18;5,810923494;0;0;0;0;1;1;-15460;6,726998492;
1.13.2017;313;6;BTC;910;17-18;15-18;4,742547425;0;0;0;0;1;1;-15665;5,490196078;
1.20.2017;314;6;BTC;906;17-18;15-18;4,721701063;0;0;0;0;1;1;-15669;5,466063348;
1.27.2017;315;6;BTC;924;17-18;15-18;4,815509694;0;0;0;0;1;1;-15651;5,574660633;
2.3.2017;316;6;BTC;1017;17-18;15-18;5,300187617;0;0;0;0;1;1;-15558;6,135746606;
2.10.2017;317;6;BTC;1052;17-18;15-18;5,482593287;0;0;0;0;1;1;-15523;6,346907994;
2.17.2017;318;6;BTC;1055;17-18;15-18;5,498228059;0;0;0;0;1;1;-15520;6,365007541;
2.24.2017;319;6;BTC;1188;17-18;15-18;6,191369606;0;0;0;0;1;1;-15387;7,167420814;
3.3.2017;320;6;BTC;1285;17-18;15-18;6,696893892;0;0;0;0;1;1;-15290;7,752639517;
3.10.2017;321;6;BTC;1278;17-18;15-18;6,660412758;0;0;0;0;1;1;-15297;7,71040724;
3.17.2017;322;6;BTC;1257;17-18;15-18;6,550969356;0;0;0;0;1;1;-15318;7,583710407;
3.24.2017;323;6;BTC;1114;17-18;15-18;5,805711903;0;0;0;0;1;1;-15461;6,720965309;
3.31.2017;324;6;BTC;1070;17-18;15-18;5,576401918;0;0;0;0;1;1;-15505;6,455505279;
4.7.2017;325;6;BTC;1191;17-18;15-18;6,207004378;0;0;0;0;1;1;-15384;7,185520362;
4.14.2017;326;6;BTC;1219;17-18;15-18;6,352928914;0;0;0;0;1;1;-15356;7,354449472;
4.21.2017;327;6;BTC;1244;17-18;15-18;6,483218678;0;0;0;0;1;1;-15331;7,505279035;
4.28.2017;328;6;BTC;1332;17-18;15-18;6,941838649;0;0;0;0;1;1;-15243;8,036199095;
5.5.2017;329;6;BTC;1537;17-18;15-18;8,010214718;0;0;0;0;1;1;-15038;9,273001508;
5.12.2017;330;6;BTC;1828;17-18;15-18;9,526787576;0;0;0;0;1;1;-14747;11,02865762;
5.19.2017;331;6;BTC;1958;17-18;15-18;10,20429435;0;0;0;0;1;1;-14617;11,81297134;
5.26.2017;332;6;BTC;2420;17-18;15-18;12,6120492;0;0;0;0;1;1;-14155;14,60030166;
6.2.2017;333;6;BTC;2489;17-18;15-18;12,97164895;0;0;0;0;1;1;-14086;15,01659125;
6.9.2017;334;6;BTC;2881;17-18;15-18;15,01459245;0;0;0;0;1;1;-13694;17,38159879;
6.16.2017;335;6;BTC;2954;17-18;15-18;15,39503857;0;0;0;0;1;1;-13621;17,82202112;
6.23.2017;336;6;BTC;2740;17-18;15-18;14,27975818;0;0;0;0;1;1;-13835;16,53092006;
6.30.2017;337;6;BTC;2565;17-18;15-18;13,36772983;0;0;0;0;1;1;-14010;15,47511312;
7.7.2017;338;6;BTC;2603;17-18;15-18;13,56577027;0;0;0;0;1;1;-13972;15,70437406;
7.14.2017;339;6;BTC;2550;17-18;15-18;13,28955597;0;0;0;0;1;1;-14025;15,38461538;
7.21.2017;340;6;BTC;2875;17-18;15-18;14,98332291;0;0;0;0;1;1;-13700;17,3453997;
7.28.2017;341;6;BTC;2833;17-18;15-18;14,76443611;0;0;0;0;1;1;-13742;17,09200603;
8.4.2017;342;6;BTC;2856;17-18;15-18;14,88430269;0;0;0;0;1;1;-13719;17,23076923;
8.11.2017;343;6;BTC;3645;17-18;15-18;18,99624765;0;0;0;0;1;1;-12930;21,99095023;
8.18.2017;344;6;BTC;4379;17-18;15-18;22,82155514;0;0;0;0;1;1;-12196;26,41930618;
8.25.2017;345;6;BTC;4356;17-18;15-18;22,70168856;0;0;0;0;1;1;-12219;26,28054299;
9.1.2017;346;6;BTC;4922;17-18;15-18;25,65144882;0;0;0;0;1;1;-11653;29,69532428;
9.8.2017;347;6;BTC;4615;17-18;15-18;24,05149051;0;0;0;0;1;1;-11960;27,84313725;
9.15.2017;348;6;BTC;4309;17-18;15-18;22,4567438;0;0;0;0;1;1;-12266;25,99698341;
9.22.2017;349;6;BTC;4102;17-18;15-18;21,37794455;0;0;0;0;1;1;-12473;24,74811463;
9.29.2017;350;6;BTC;4199;17-18;15-18;21,88346883;0;0;0;0;1;1;-12376;25,33333333;
10.6.2017;351;6;BTC;4391;17-18;15-18;22,88409423;0;0;0;0;1;1;-12184;26,49170437;
10.13.2017;352;6;BTC;5654;17-18;15-18;29,46633312;0;0;0;0;1;1;-10921;34,11161388;
10.20.2017;353;6;BTC;5977;17-18;15-18;31,14967688;0;0;0;0;1;1;-10598;36,06033183;
10.27.2017;354;6;BTC;6013;17-18;15-18;31,33729414;0;0;0;0;1;1;-10562;36,2775264;
11.3.2017;355;6;BTC;7147;17-18;15-18;37,24723786;0;0;0;0;1;1;-9428;43,11915535;
11.10.2017;356;6;BTC;7450;17-18;15-18;38,8263498;0;0;0;0;1;1;-9125;44,94720965;
11.17.2017;357;6;BTC;7847;17-18;15-18;40,89535126;0;0;0;0;1;1;-8728;47,34238311;
11.24.2017;358;6;BTC;8226;17-18;15-18;42,87054409;0;0;0;0;1;1;-8349;49,62895928;
12.1.2017;359;6;BTC;10840;17-18;15-18;56,49364186;0;0;0;0;1;1;-5735;65,39969834;
12.8.2017;360;6;BTC;16600;17-18;15-18;86,51240359;0;0;0;0;1;1;25;100,1508296;
12.15.2017;361;6;BTC;16575;17-18;15-18;86,38211382;0;300;300;300;1;1;0;100;x
12.22.2017;362;6;BTC;19188;17-18;15-18;100;0;0;0;0;1;1;2613;115,7647059;
12.29.2017;363;6;BTC;15764;17-18;15-18;82,15551386;0;0;0;0;1;1;-811;95,10708899;
1.5.2018;364;6;BTC;16928;17-18;15-18;88,22180529;0;0;0;0;1;1;353;102,1297134;
1.12.2018;365;6;BTC;17150;17-18;15-18;89,3787784;0;0;0;0;1;1;575;103,4690799;
1.19.2018;366;6;BTC;14198;17-18;15-18;73,99416302;0;0;0;0;1;1;-2377;85,65912519;
1.26.2018;367;6;BTC;12776;17-18;15-18;66,58328122;0;0;0;0;1;1;-3799;77,07993967;
2.2.2018;368;6;BTC;11686;17-18;15-18;60,90264749;0;0;0;0;1;1;-4889;70,50377074;
2.9.2018;369;6;BTC;9226;17-18;15-18;48,08213467;0;0;0;0;1;1;-7349;55,66214178;
2.16.2018;370;6;BTC;10196;17-18;15-18;53,13737753;0;0;0;0;1;1;-6379;61,51432881;
2.23.2018;371;6;BTC;11233;17-18;15-18;58,54179696;0;0;0;0;1;1;-5342;67,77073906;
3.2.2018;372;6;BTC;11030;17-18;15-18;57,48384407;0;0;0;0;1;1;-5545;66,54600302;
3.9.2018;373;6;BTC;11463;17-18;15-18;59,74046279;0;0;0;0;1;1;-5112;69,15837104;
3.16.2018;374;6;BTC;9535;17-18;15-18;49,69251616;0;0;0;0;1;1;-7040;57,52639517;
3.23.2018;375;6;BTC;8921;17-18;15-18;46,49259954;0;0;0;0;1;1;-7654;53,82202112;
3.30.2018;376;6;BTC;8547;17-18;15-18;44,54346467;0;0;0;0;1;1;-8028;51,56561086;
4.6.2018;377;6;BTC;7416;17-18;15-18;38,64915572;0;0;0;0;1;1;-9159;44,74208145;
4.13.2018;378;6;BTC;7924;17-18;15-18;41,29664374;0;0;0;0;1;1;-8651;47,80693816;
4.20.2018;379;6;BTC;8861;17-18;15-18;46,17990411;0;0;0;0;1;1;-7714;53,46003017;
4.27.2018;380;6;BTC;9648;17-18;15-18;50,28142589;0;0;0;0;1;1;-6927;58,2081448;
5.4.2018;381;6;BTC;9732;17-18;15-18;50,7191995;0;0;0;0;1;1;-6843;58,71493213;
5.11.2018;382;6;BTC;9823;17-18;15-18;51,19345424;0;0;0;0;1;1;-6752;59,26395173;
5.18.2018;383;6;BTC;8697;17-18;15-18;45,32520325;0;0;0;0;1;1;-7878;52,47058824;
5.25.2018;384;6;BTC;8518;17-18;15-18;44,39232854;0;0;0;0;1;1;-8057;51,39064857;
6.1.2018;385;6;BTC;7512;17-18;15-18;39,14946842;0;0;0;0;1;1;-9063;45,32126697;
6.8.2018;386;6;BTC;7704;17-18;15-18;40,15009381;0;0;0;0;1;1;-8871;46,47963801;
6.15.2018;387;6;BTC;7493;17-18;15-18;39,0504482;0;0;0;0;1;1;-9082;45,2066365;
6.22.2018;388;6;BTC;6757;17-18;15-18;35,21471753;0;0;0;0;1;1;-9818;40,76621418;
6.29.2018;389;6;BTC;6254;17-18;15-18;32,59328747;0;0;0;0;1;1;-10321;37,73152338;
7.6.2018;390;6;BTC;6613;17-18;15-18;34,46424849;0;0;0;0;1;1;-9962;39,8974359;
7.13.2018;391;6;BTC;6760;17-18;15-18;35,2303523;0;0;0;0;1;1;-9815;40,78431373;
7.20.2018;392;6;BTC;7471;17-18;15-18;38,9357932;0;0;0;0;1;1;-9104;45,07390649;
7.27.2018;393;6;BTC;8404;17-18;15-18;43,79820721;0;0;0;0;1;1;-8171;50,70286576;
8.3.2018;394;6;BTC;8238;17-18;15-18;42,93308318;0;0;0;0;1;1;-8337;49,70135747;
8.10.2018;395;6;BTC;7033;17-18;15-18;36,65311653;0;0;0;0;1;1;-9542;42,43137255;
8.17.2018;396;6;BTC;6580;17-18;15-18;34,292266;0;0;0;0;1;1;-9995;39,69834087;
8.24.2018;397;6;BTC;6693;17-18;15-18;34,88117573;0;0;0;0;1;1;-9882;40,3800905;
8.31.2018;398;6;BTC;7081;17-18;15-18;36,90327288;0;0;0;0;1;1;-9494;42,72096531;
9.7.2018;399;6;BTC;7361;17-18;15-18;38,36251824;0;0;0;0;1;1;-9214;44,41025641;
9.14.2018;400;6;BTC;6486;17-18;15-18;33,80237649;0;0;0;0;1;1;-10089;39,13122172;
9.21.2018;401;6;BTC;6749;17-18;15-18;35,17302481;0;0;0;0;1;1;-9826;40,71794872;
9.28.2018;402;6;BTC;6710;17-18;15-18;34,96977277;0;0;0;0;1;1;-9865;40,4826546;
10.5.2018;403;6;BTC;6598;17-18;15-18;34,38607463;0;0;0;0;1;1;-9977;39,80693816;
10.12.2018;404;6;BTC;6605;17-18;15-18;34,42255576;0;0;0;0;1;1;-9970;39,84917044;
10.19.2018;405;6;BTC;6461;17-18;15-18;33,67208672;0;0;0;0;1;1;-10114;38,98039216;
10.26.2018;406;6;BTC;6413;17-18;15-18;33,42193037;0;0;0;0;1;1;-10162;38,6907994;
11.2.2018;407;6;BTC;6408;17-18;15-18;33,39587242;0;0;0;0;1;1;-10167;38,66063348;
11.9.2018;408;6;BTC;6501;17-18;15-18;33,88055034;0;0;0;0;1;1;-10074;39,22171946;
11.16.2018;409;6;BTC;6358;17-18;15-18;33,13529289;0;0;0;0;1;1;-10217;38,35897436;
11.23.2018;410;6;BTC;5559;17-18;15-18;28,97123202;0;0;0;0;1;1;-11016;33,53846154;
11.30.2018;411;6;BTC;4250;17-18;15-18;22,14925995;0;0;0;0;1;1;-12325;25,64102564;
12.7.2018;412;6;BTC;4140;17-18;15-18;21,57598499;0;0;0;0;1;1;-12435;24,97737557;
12.14.2018;413;6;BTC;3530;17-18;15-18;18,39691474;0;0;0;0;1;1;-13045;21,29713424;
12.21.2018;414;6;BTC;4074;17-18;15-18;21,23202001;0;0;0;0;1;1;-12501;24,57918552;
12.28.2018;415;6;BTC;4036;17-18;15-18;21,03397957;0;0;0;0;1;1;-12539;24,34992459;x
1.4.2019;416;6;BTC;3886;19-20;19-22;5,751924216;0;0;0;0;1;1;-12689;23,44494721;
1.11.2019;417;6;BTC;4041;19-20;19-22;5,981349911;0;0;0;0;1;1;-12534;24,3800905;
1.18.2019;418;6;BTC;3664;19-20;19-22;5,423327413;0;0;0;0;1;1;-12911;22,10558069;
1.25.2019;419;6;BTC;3681;19-20;19-22;5,448490231;0;0;0;0;1;1;-12894;22,2081448;
2.1.2019;420;6;BTC;3556;19-20;19-22;5,263469509;0;0;0;0;1;1;-13019;21,45399698;
2.8.2019;421;6;BTC;3623;19-20;19-22;5,362640616;0;0;0;0;1;1;-12952;21,85822021;
2.15.2019;422;6;BTC;3650;19-20;19-22;5,402605092;0;0;0;0;1;1;-12925;22,02111614;
2.22.2019;423;6;BTC;3940;19-20;19-22;5,831853168;0;0;0;0;1;1;-12635;23,77073906;
3.1.2019;424;6;BTC;4114;19-20;19-22;6,089402013;0;0;0;0;1;1;-12461;24,82051282;
3.8.2019;425;6;BTC;3857;19-20;19-22;5,708999408;0;0;0;0;1;1;-12718;23,26998492;
3.15.2019;426;6;BTC;3916;19-20;19-22;5,796329189;0;0;0;0;1;1;-12659;23,62594268;
3.22.2019;427;6;BTC;4032;19-20;19-22;5,968028419;0;0;0;0;1;1;-12543;24,32579186;
3.29.2019;428;6;BTC;4090;19-20;19-22;6,053878034;0;0;0;0;1;1;-12485;24,67571644;
4.5.2019;429;6;BTC;5040;19-20;19-22;7,460035524;0;0;0;0;1;1;-11535;30,40723982;
4.12.2019;430;6;BTC;5323;19-20;19-22;7,878922439;0;0;0;0;1;1;-11252;32,11463047;
4.19.2019;431;6;BTC;5290;19-20;19-22;7,830076969;0;0;0;0;1;1;-11285;31,91553544;
4.26.2019;432;6;BTC;5531;19-20;19-22;8,186796921;0;0;0;0;1;1;-11044;33,36953243;
5.3.2019;433;6;BTC;5658;19-20;19-22;8,374777975;0;0;0;0;1;1;-10917;34,13574661;
5.10.2019;434;6;BTC;6343;19-20;19-22;9,388691533;0;0;0;0;1;1;-10232;38,26847662;
5.17.2019;435;6;BTC;8209;19-20;19-22;12,15068088;0;0;0;0;1;1;-8366;49,52639517;
5.24.2019;436;6;BTC;8200;19-20;19-22;12,13735938;0;0;0;0;1;1;-8375;49,47209653;
5.31.2019;437;6;BTC;8771;19-20;19-22;12,98253404;0;0;0;0;1;1;-7804;52,91704374;
6.7.2019;438;6;BTC;8734;19-20;19-22;12,92776791;0;0;0;0;1;1;-7841;52,69381599;
6.14.2019;439;6;BTC;8698;19-20;19-22;12,87448194;0;0;0;0;1;1;-7877;52,47662142;
6.21.2019;440;6;BTC;10222;19-20;19-22;15,13025459;0;0;0;0;1;1;-6353;61,67119155;
6.28.2019;441;6;BTC;12921;19-20;19-22;19,12522202;0;0;0;0;1;1;-3654;77,95475113;
7.5.2019;442;6;BTC;11967;19-20;19-22;17,71314387;0;0;0;0;1;1;-4608;72,19909502;
7.12.2019;443;6;BTC;12567;19-20;19-22;18,60124334;0;0;0;0;1;1;-4008;75,81900452;
7.19.2019;444;6;BTC;11379;19-20;19-22;16,84280639;0;0;0;0;1;1;-5196;68,65158371;
7.26.2019;445;6;BTC;10750;19-20;19-22;15,91178212;0;0;0;0;1;1;-5825;64,85671192;
8.2.2019;446;6;BTC;10530;19-20;19-22;15,58614565;0;0;0;0;1;1;-6045;63,52941176;
8.9.2019;447;6;BTC;11983;19-20;19-22;17,73682652;0;0;0;0;1;1;-4592;72,29562594;
8.16.2019;448;6;BTC;11529;19-20;19-22;17,06483126;0;0;0;0;1;1;-5046;69,55656109;
8.23.2019;449;6;BTC;10927;19-20;19-22;16,17377146;0;0;0;0;1;1;-5648;65,92458522;
8.30.2019;450;6;BTC;10361;19-20;19-22;15,33599763;0;0;0;0;1;1;-6214;62,50980392;
9.6.2019;451;6;BTC;10618;19-20;19-22;15,71640024;0;0;0;0;1;1;-5957;64,06033183;
9.13.2019;452;6;BTC;10484;19-20;19-22;15,51805802;0;0;0;0;1;1;-6091;63,25188537;
9.20.2019;453;6;BTC;10355;19-20;19-22;15,32711664;0;0;0;0;1;1;-6220;62,47360483;
9.27.2019;454;6;BTC;10021;19-20;19-22;14,83274127;0;0;0;0;1;1;-6554;60,45852187;
10.4.2019;455;6;BTC;8373;19-20;19-22;12,39342806;0;0;0;0;1;1;-8202;50,5158371;
10.11.2019;456;6;BTC;8586;19-20;19-22;12,70870337;0;0;0;0;1;1;-7989;51,80090498;
10.18.2019;457;6;BTC;8363;19-20;19-22;12,37862641;0;0;0;0;1;1;-8212;50,45550528;
10.25.2019;458;6;BTC;8663;19-20;19-22;12,82267614;0;0;0;0;1;1;-7912;52,26546003;
11.1.2019;459;6;BTC;9557;19-20;19-22;14,14594435;0;0;0;0;1;1;-7018;57,65912519;
11.8.2019;460;6;BTC;9411;19-20;19-22;13,92984014;0;0;0;0;1;1;-7164;56,77828054;
11.15.2019;461;6;BTC;9024;19-20;19-22;13,35701599;0;0;0;0;1;1;-7551;54,44343891;
11.22.2019;462;6;BTC;8499;19-20;19-22;12,57992895;0;0;0;0;1;1;-8076;51,2760181;
11.29.2019;463;6;BTC;7754;19-20;19-22;11,47720545;0;0;0;0;1;1;-8821;46,78129713;
12.6.2019;464;6;BTC;7551;19-20;19-22;11,17673179;0;0;0;0;1;1;-9024;45,55656109;
12.13.2019;465;6;BTC;7524;19-20;19-22;11,13676732;0;0;0;0;1;1;-9051;45,39366516;
12.20.2019;466;6;BTC;7287;19-20;19-22;10,78596803;0;0;0;0;1;1;-9288;43,9638009;
12.27.2019;467;6;BTC;7510;19-20;19-22;11,116045;0;0;0;0;1;1;-9065;45,3092006;
1.3.2020;468;6;BTC;7386;19-20;19-22;10,93250444;0;0;0;0;1;1;-9189;44,56108597;
1.10.2020;469;6;BTC;8200;19-20;19-22;12,13735938;0;0;0;0;1;1;-8375;49,47209653;
1.17.2020;470;6;BTC;8893;19-20;19-22;13,16311427;0;0;0;0;1;1;-7682;53,65309201;
1.24.2020;471;6;BTC;8909;19-20;19-22;13,18679692;0;0;0;0;1;1;-7666;53,74962293;
1.31.2020;472;6;BTC;9500;19-20;19-22;14,0615749;0;0;0;0;1;1;-7075;57,31523379;
2.7.2020;473;6;BTC;9803;19-20;19-22;14,51006513;0;0;0;0;1;1;-6772;59,14328808;
2.14.2020;474;6;BTC;10364;19-20;19-22;15,34043813;0;0;0;0;1;1;-6211;62,52790347;
2.21.2020;475;6;BTC;10185;19-20;19-22;15,07548845;0;0;0;0;1;1;-6390;61,4479638;
2.28.2020;476;6;BTC;9965;19-20;19-22;14,74985198;0;0;0;0;1;1;-6610;60,12066365;
3.6.2020;477;6;BTC;9154;19-20;19-22;13,54943754;0;0;0;0;1;1;-7421;55,22775264;
3.13.2020;478;6;BTC;8894;19-20;19-22;13,16459443;0;0;0;0;1;1;-7681;53,65912519;
3.20.2020;479;6;BTC;6210;19-20;19-22;9,191829485;0;0;0;0;1;1;-10365;37,46606335;
3.27.2020;480;6;BTC;6769;19-20;19-22;10,01924216;0;0;0;0;1;1;-9806;40,83861237;
4.3.2020;481;6;BTC;6802;19-20;19-22;10,06808763;0;0;0;0;1;1;-9773;41,03770739;
4.10.2020;482;6;BTC;7367;19-20;19-22;10,90438129;0;0;0;0;1;1;-9208;44,44645551;
4.17.2020;483;6;BTC;7112;19-20;19-22;10,52693902;0;0;0;0;1;1;-9463;42,90799397;
4.24.2020;484;6;BTC;7506;19-20;19-22;11,11012433;0;0;0;0;1;1;-9069;45,28506787;
5.1.2020;485;6;BTC;8832;19-20;19-22;13,07282416;0;0;0;0;1;1;-7743;53,28506787;
5.8.2020;486;6;BTC;10000;19-20;19-22;14,80165779;300;0;0;0;1;1;-6575;60,33182504;x
5.15.2020;487;6;BTC;9794;19-20;19-22;14,49674364;0;0;0;0;1;1;-6781;59,08898944;
5.22.2020;488;6;BTC;9788;19-20;19-22;14,48786264;0;0;0;0;1;1;-6787;59,05279035;
5.29.2020;489;6;BTC;9577;19-20;19-22;14,17554766;0;0;0;0;1;1;-6998;57,77978884;
6.5.2020;490;6;BTC;10204;19-20;19-22;15,1036116;0;0;0;0;1;1;-6371;61,56259427;
6.12.2020;491;6;BTC;9894;19-20;19-22;14,64476021;0;0;0;0;1;1;-6681;59,69230769;
6.19.2020;492;6;BTC;9530;19-20;19-22;14,10597987;0;0;0;0;1;1;-7045;57,49622926;
6.26.2020;493;6;BTC;9683;19-20;19-22;14,33244523;0;0;0;0;1;1;-6892;58,41930618;
7.3.2020;494;6;BTC;9233;19-20;19-22;13,66637063;0;0;0;0;1;1;-7342;55,70437406;
7.10.2020;495;6;BTC;9437;19-20;19-22;13,96832445;0;0;0;0;1;1;-7138;56,93514329;
7.17.2020;496;6;BTC;9306;19-20;19-22;13,77442274;0;0;0;0;1;1;-7269;56,14479638;
7.24.2020;497;6;BTC;9617;19-20;19-22;14,23475429;0;0;0;0;1;1;-6958;58,02111614;
7.31.2020;498;6;BTC;11357;19-20;19-22;16,81024275;0;0;0;0;1;1;-5218;68,5188537;
8.7.2020;499;6;BTC;11817;19-20;19-22;17,49111901;0;0;0;0;1;1;-4758;71,29411765;
8.14.2020;500;6;BTC;11895;19-20;19-22;17,60657194;0;0;0;0;1;1;-4680;71,76470588;
8.21.2020;501;6;BTC;12298;19-20;19-22;18,20307874;0;0;0;0;1;1;-4277;74,19607843;
8.28.2020;502;6;BTC;11762;19-20;19-22;17,40970989;0;0;0;0;1;1;-4813;70,96229261;
9.4.2020;503;6;BTC;11924;19-20;19-22;17,64949674;0;0;0;0;1;1;-4651;71,93966817;
9.11.2020;504;6;BTC;10393;19-20;19-22;15,38336294;0;0;0;0;1;1;-6182;62,70286576;
9.18.2020;505;6;BTC;10952;19-20;19-22;16,21077561;0;0;0;0;1;1;-5623;66,07541478;
9.25.2020;506;6;BTC;11077;19-20;19-22;16,39579633;0;0;0;0;1;1;-5498;66,82956259;
10.2.2020;507;6;BTC;10836;19-20;19-22;16,03907638;0;0;0;0;1;1;-5739;65,37556561;
10.9.2020;508;6;BTC;11052;19-20;19-22;16,35879218;0;0;0;0;1;1;-5523;66,67873303;
10.16.2020;509;6;BTC;11536;19-20;19-22;17,07519242;0;0;0;0;1;1;-5039;69,59879336;
10.23.2020;510;6;BTC;12983;19-20;19-22;19,2169923;0;0;0;0;1;1;-3592;78,32880845;
10.30.2020;511;6;BTC;13648;19-20;19-22;20,20130255;0;0;0;0;1;1;-2927;82,34087481;
11.6.2020;512;6;BTC;15605;19-20;19-22;23,09798697;0;0;0;0;1;1;-970;94,14781297;
11.13.2020;513;6;BTC;16336;19-20;19-22;24,17998816;0;0;0;0;1;1;-239;98,55806938;
11.20.2020;514;6;BTC;18688;19-20;19-22;27,66133807;0;0;0;0;1;1;2113;112,7481146;
11.27.2020;515;6;BTC;19161;19-20;19-22;28,36145648;0;0;0;0;1;1;2586;115,60181;
12.4.2020;516;6;BTC;19700;19-20;19-22;29,15926584;0;0;0;0;1;1;3125;118,8536953;
12.11.2020;517;6;BTC;19381;19-20;19-22;28,68709295;0;0;0;0;1;1;2806;116,9291101;
12.18.2020;518;6;BTC;23136;19-20;19-22;34,24511545;0;0;0;0;1;1;6561;139,5837104;
1.1.2021;519;6;BTC;29399;19-20;19-22;43,51539372;0;0;0;300;1;1;12824;177,3695324;x
1.8.2021;520;6;BTC;40667;21-22;19-22;60,19390172;0;0;0;0;1;1;24092;245,3514329;
1.15.2021;521;6;BTC;40252;21-22;19-22;59,57963292;0;0;0;0;1;1;23677;242,8476621;
1.22.2021;522;6;BTC;36623;21-22;19-22;54,20811131;0;0;0;0;1;1;20048;220,9532428;
1.29.2021;523;6;BTC;34262;21-22;19-22;50,71343991;0;0;0;0;1;1;17687;206,7088989;
2.5.2021;524;6;BTC;38297;21-22;19-22;56,68590882;0;0;0;0;1;1;21722;231,0527903;
2.12.2021;525;6;BTC;47963;21-22;19-22;70,99319124;0;0;0;0;1;1;31388;289,3695324;
2.19.2021;526;6;BTC;55927;21-22;19-22;82,7812315;0;0;0;0;1;1;39352;337,4177979;
2.26.2021;527;6;BTC;57478;21-22;19-22;85,07696862;0;0;0;0;1;1;40903;346,775264;
3.5.2021;528;6;BTC;50400;21-22;19-22;74,60035524;0;0;0;0;1;1;33825;304,0723982;
3.12.2021;529;6;BTC;57810;21-22;19-22;85,56838366;0;0;0;0;1;1;41235;348,7782805;
3.19.2021;530;6;BTC;61175;21-22;19-22;90,5491415;0;0;0;0;1;1;44600;369,0799397;
3.26.2021;531;6;BTC;58092;21-22;19-22;85,98579041;0;0;0;0;1;1;41517;350,479638;
4.2.2021;532;6;BTC;59021;21-22;19-22;87,36086442;0;0;0;0;1;1;42446;356,0844646;
4.9.2021;533;6;BTC;59120;21-22;19-22;87,50740083;0;0;0;0;1;1;42545;356,6817496;
4.16.2021;534;6;BTC;63587;21-22;19-22;94,11930136;0;0;0;0;1;1;47012;383,6319759;
4.23.2021;535;6;BTC;60085;21-22;19-22;88,93576081;0;0;0;0;1;1;43510;362,5037707;
4.30.2021;536;6;BTC;57780;21-22;19-22;85,52397869;0;0;0;0;1;1;41205;348,5972851;
5.7.2021;537;6;BTC;57859;21-22;19-22;85,64091178;0;0;0;0;1;1;41284;349,0739065;
5.14.2021;538;6;BTC;58954;21-22;19-22;87,26169331;0;0;0;0;1;1;42379;355,6802413;
5.21.2021;539;6;BTC;46771;21-22;19-22;69,22883363;0;0;0;0;1;1;30196;282,1779789;
5.28.2021;540;6;BTC;39284;21-22;19-22;58,14683245;0;0;0;0;1;1;22709;237,0075415;
6.4.2021;541;6;BTC;39197;21-22;19-22;58,01805802;0;0;0;0;1;1;22622;236,4826546;
6.11.2021;542;6;BTC;37396;21-22;19-22;55,35227946;0;0;0;0;1;1;20821;225,6168929;
6.18.2021;543;6;BTC;40531;21-22;19-22;59,99259917;0;0;0;0;1;1;23956;244,5309201;
6.25.2021;544;6;BTC;35595;21-22;19-22;52,68650089;0;0;0;0;1;1;19020;214,7511312;
7.2.2021;545;6;BTC;35903;21-22;19-22;53,14239195;0;0;0;0;1;1;19328;216,6093514;
7.9.2021;546;6;BTC;35305;21-22;19-22;52,25725281;0;0;0;0;1;1;18730;213,0015083;
7.16.2021;547;6;BTC;34247;21-22;19-22;50,69123742;0;0;0;0;1;1;17672;206,6184012;
7.23.2021;548;6;BTC;33639;21-22;19-22;49,79129663;0;0;0;0;1;1;17064;202,9502262;
7.30.2021;549;6;BTC;42230;21-22;19-22;62,50740083;0;0;0;0;1;1;25655;254,7812971;
8.6.2021;550;6;BTC;42824;21-22;19-22;63,3866193;0;0;0;0;1;1;26249;258,3650075;
8.13.2021;551;6;BTC;47823;21-22;19-22;70,78596803;0;0;0;0;1;1;31248;288,5248869;
8.20.2021;552;6;BTC;49345;21-22;19-22;73,03878034;0;0;0;0;1;1;32770;297,7073906;
8.27.2021;553;6;BTC;49517;21-22;19-22;73,29336886;0;0;0;0;1;1;32942;298,745098;
9.3.2021;554;6;BTC;50019;21-22;19-22;74,03641208;0;0;0;0;1;1;33444;301,7737557;
9.10.2021;555;6;BTC;52688;21-22;19-22;77,98697454;0;0;0;0;1;1;36113;317,8763198;
9.17.2021;556;6;BTC;48152;21-22;19-22;71,27294257;0;0;0;0;1;1;31577;290,5098039;
9.24.2021;557;6;BTC;48310;21-22;19-22;71,50680876;0;0;0;0;1;1;31735;291,4630468;
10.1.2021;558;6;BTC;48164;21-22;19-22;71,29070456;0;0;0;0;1;1;31589;290,5822021;
10.8.2021;559;6;BTC;55350;21-22;19-22;81,92717584;0;0;0;0;1;1;38775;333,9366516;
10.15.2021;560;6;BTC;61656;21-22;19-22;91,26110124;0;0;0;0;1;1;45081;371,9819005;
10.22.2021;561;6;BTC;66036;21-22;19-22;97,74422735;0;0;0;0;1;1;49461;398,4072398;
10.29.2021;562;6;BTC;63082;21-22;19-22;93,37181764;0;0;0;0;1;1;46507;380,5852187;
11.5.2021;563;6;BTC;63280;21-22;19-22;93,66489047;0;0;0;0;1;1;46705;381,7797888;
11.12.2021;564;6;BTC;67560;21-22;19-22;100;0;0;0;0;1;1;50985;407,60181;
11.19.2021;565;6;BTC;65495;21-22;19-22;96,94345767;0;0;0;0;1;1;48920;395,1432881;
11.26.2021;566;6;BTC;59744;21-22;19-22;88,43102427;0;0;0;0;1;1;43169;360,4464555;
12.3.2021;567;6;BTC;57830;21-22;19-22;85,59798697;0;0;0;0;1;1;41255;348,8989442;
12.10.2021;568;6;BTC;50650;21-22;19-22;74,97039668;0;0;0;0;1;1;34075;305,5806938;
12.17.2021;569;6;BTC;50113;21-22;19-22;74,17554766;0;0;0;0;1;1;33538;302,3408748;
12.24.2021;570;6;BTC;50834;21-22;19-22;75,24274719;0;0;0;0;1;1;34259;306,6907994;
12.31.2021;571;6;BTC;50797;21-22;19-22;75,18798105;0;0;0;300;1;1;34222;306,4675716;x
1.7.2022;572;6;BTC;47738;21-22;19-22;70,66015394;0;0;0;0;1;1;31163;288,0120664;
1.14.2022;573;6;BTC;43928;21-22;19-22;65,02072232;0;0;0;0;1;1;27353;265,025641;
1.21.2022;574;6;BTC;43115;21-22;19-22;63,81734754;0;0;0;0;1;1;26540;260,1206637;
1.28.2022;575;6;BTC;37738;21-22;19-22;55,85849615;0;0;0;0;1;1;21163;227,6802413;
2.4.2022;576;6;BTC;41586;21-22;19-22;61,55417407;0;0;0;0;1;1;25011;250,8959276;
2.11.2022;577;6;BTC;44420;21-22;19-22;65,74896388;0;0;0;0;1;1;27845;267,9939668;
2.18.2022;578;6;BTC;44563;21-22;19-22;65,96062759;0;0;0;0;1;1;27988;268,8567119;
2.25.2022;579;6;BTC;40096;21-22;19-22;59,34872706;0;0;0;0;1;1;23521;241,9064857;
3.4.2022;580;6;BTC;44428;21-22;19-22;65,76080521;0;0;0;0;1;1;27853;268,0422323;
3.11.2022;581;6;BTC;41965;21-22;19-22;62,1151569;0;0;0;0;1;1;25390;253,1825038;
3.18.2022;582;6;BTC;41775;21-22;19-22;61,8339254;0;0;0;0;1;1;25200;252,0361991;
3.25.2022;583;6;BTC;44316;21-22;19-22;65,59502664;0;0;0;0;1;1;27741;267,3665158;
4.1.2022;584;6;BTC;47440;21-22;19-22;70,21906454;0;0;0;0;1;1;30865;286,214178;
4.8.2022;585;6;BTC;46617;21-22;19-22;69,0008881;0;0;0;0;1;1;30042;281,2488688;
4.15.2022;586;6;BTC;42764;21-22;19-22;63,29780935;0;0;0;0;1;1;26189;258,0030166;
4.22.2022;587;6;BTC;41506;21-22;19-22;61,43576081;0;0;0;0;1;1;24931;250,413273;
4.29.2022;588;6;BTC;40439;21-22;19-22;59,85642392;0;0;0;0;1;1;23864;243,9758673;
5.6.2022;589;6;BTC;39683;21-22;19-22;58,73741859;0;0;0;0;1;1;23108;239,4147813;
5.13.2022;590;6;BTC;35463;21-22;19-22;52,49111901;0;0;0;0;1;1;18888;213,9547511;
5.20.2022;591;6;BTC;31297;21-22;19-22;46,32474837;0;0;0;0;1;1;14722;188,8205128;
5.27.2022;592;6;BTC;30268;21-22;19-22;44,80165779;0;0;0;0;1;1;13693;182,612368;
6.3.2022;593;6;BTC;31781;21-22;19-22;47,04114861;0;0;0;0;1;1;15206;191,7405732;
6.10.2022;594;6;BTC;31356;21-22;19-22;46,41207815;0;0;0;0;1;1;14781;189,1764706;
6.17.2022;595;6;BTC;28380;21-22;19-22;42,0071048;0;0;0;0;1;1;11805;171,2217195;
6.24.2022;596;6;BTC;21211;21-22;19-22;31,39579633;0;0;0;0;1;1;4636;127,9698341;
7.1.2022;597;6;BTC;21475;21-22;19-22;31,78656009;0;0;0;0;1;1;4900;129,5625943;
7.8.2022;598;6;BTC;21615;21-22;19-22;31,9937833;0;0;0;0;1;1;5040;130,4072398;
7.15.2022;599;6;BTC;21579;21-22;19-22;31,94049734;0;0;0;0;1;1;5004;130,1900452;
7.22.2022;600;6;BTC;23411;21-22;19-22;34,65216104;0;0;0;0;1;1;6836;141,2428356;
7.29.2022;601;6;BTC;23859;21-22;19-22;35,31527531;0;0;0;0;1;1;7284;143,9457014;
8.5.2022;602;6;BTC;23643;21-22;19-22;34,9955595;0;0;0;0;1;1;7068;142,6425339;
8.12.2022;603;6;BTC;24417;21-22;19-22;36,14120782;0;0;0;0;1;1;7842;147,3122172;
8.19.2022;604;6;BTC;24446;21-22;19-22;36,18413262;0;0;0;0;1;1;7871;147,4871795;
8.26.2022;605;6;BTC;21566;21-22;19-22;31,92125518;0;0;0;0;1;1;4991;130,1116139;
9.2.2022;606;6;BTC;20296;21-22;19-22;30,04144464;0;0;0;0;1;1;3721;122,4494721;
9.9.2022;607;6;BTC;21375;21-22;19-22;31,63854352;0;0;0;0;1;1;4800;128,959276;
9.16.2022;608;6;BTC;22401;21-22;19-22;33,15719361;0;0;0;0;1;1;5826;135,1493213;
9.23.2022;609;6;BTC;20118;21-22;19-22;29,77797513;0;0;0;0;1;1;3543;121,3755656;
9.30.2022;610;6;BTC;19600;21-22;19-22;29,01124926;0;0;0;0;1;1;3025;118,2503771;
10.7.2022;611;6;BTC;20348;21-22;19-22;30,11841326;0;0;0;0;1;1;3773;122,7631976;
10.14.2022;612;6;BTC;19444;21-22;19-22;28,7803434;0;0;0;0;1;1;2869;117,3092006;
10.21.2022;613;6;BTC;19551;21-22;19-22;28,93872114;0;0;0;0;1;1;2976;117,9547511;
10.28.2022;614;6;BTC;20776;21-22;19-22;30,75192422;0;0;0;0;1;1;4201;125,3453997;
11.4.2022;615;6;BTC;21149;21-22;19-22;31,30402605;0;0;0;0;1;1;4574;127,5957768;
11.11.2022;616;6;BTC;21300;21-22;19-22;31,52753108;0;0;0;0;1;1;4725;128,5067873;
11.18.2022;617;6;BTC;16877;21-22;19-22;24,98075784;0;0;0;0;1;1;302;101,8220211;
11.25.2022;618;6;BTC;16682;21-22;19-22;24,69212552;0;0;0;0;1;1;107;100,6455505;
12.2.2022;619;6;BTC;17167;21-22;19-22;25,41000592;0;0;0;0;1;1;592;103,571644;
12.9.2022;620;6;BTC;17229;21-22;19-22;25,5017762;0;0;0;0;1;1;654;103,9457014;
12.16.2022;621;6;BTC;17805;21-22;19-22;26,35435169;0;0;0;0;1;1;1230;107,4208145;
12.23.2022;622;6;BTC;16905;21-22;19-22;25,02220249;0;0;0;0;1;1;330;101,9909502;
12.30.2022;623;6;BTC;16915;21-22;19-22;25,03700414;0;0;300;300;1;1;340;102,0512821;x
1.6.2023;624;6;BTC;16951;23-;23-;55,5898075;0;0;0;0;1;1;376;102,2684766;
1.13.2023;625;6;BTC;19930;23-;23-;65,35926278;0;0;0;0;1;1;3355;120,2413273;
1.20.2023;626;6;BTC;22682;23-;23-;74,38428492;0;0;0;0;1;1;6107;136,8446456;
1.27.2023;627;6;BTC;23078;23-;23-;75,68294363;0;0;0;0;1;1;6503;139,2337858;
2.3.2023;628;6;BTC;23751;23-;23-;77,89000754;0;0;0;0;1;1;7176;143,2941176;
2.10.2023;629;6;BTC;23327;23-;23-;76,49952448;0;0;0;0;1;1;6752;140,7360483;
2.17.2023;630;6;BTC;24572;23-;23-;80,58242875;0;0;0;0;1;1;7997;148,2473605;
2.24.2023;631;6;BTC;24840;23-;23-;81,46131899;0;0;0;0;1;1;8265;149,8642534;
3.3.2023;632;6;BTC;23635;23-;23-;77,50959237;0;0;0;0;1;1;7060;142,5942685;
3.10.2023;633;6;BTC;22427;23-;23-;73,54802742;0;0;0;0;1;1;5852;135,306184;
3.17.2023;634;6;BTC;27448;23-;23-;90,0141016;0;0;0;0;1;1;10873;165,5987934;
3.24.2023;635;6;BTC;28321;23-;23-;92,87705375;0;0;0;0;1;1;11746;170,8657617;
3.31.2023;636;6;BTC;28467;23-;23-;93,35585216;0;0;0;0;1;1;11892;171,7466063;
4.14.2023;637;6;BTC;30493;23-;23-;100;0;0;0;0;1;1;13918;183,9698341;
4.21.2023;638;6;BTC;30389;23-;23-;99,65893812;0;0;0;0;1;1;13814;183,3423831;x
1.7.2011;1;6;Gold;1414,8;11-12;11-14;;;0;0;0;1;1;170,8;113,7299035;
1.14.2011;2;6;Gold;1387,9;11-12;11-14;;;0;0;0;1;1;143,9;111,5675241;
1.21.2011;3;6;Gold;1369,86;11-12;11-14;;;0;0;0;1;1;125,86;110,1173633;
1.28.2011;4;6;Gold;1346;11-12;11-14;;;0;0;0;1;1;102;108,1993569;
2.4.2011;5;6;Gold;1354,35;11-12;11-14;;;0;0;0;1;1;110,35;108,8705788;
2.11.2011;6;6;Gold;1363,98;11-12;11-14;;;0;0;0;1;1;119,98;109,6446945;
2.18.2011;7;6;Gold;1389,99;11-12;11-14;;;0;0;0;1;1;145,99;111,7355305;
2.25.2011;8;6;Gold;1411,64;11-12;11-14;;;0;0;0;1;1;167,64;113,4758842;
3.4.2011;9;6;Gold;1434,4;11-12;11-14;;;0;0;0;1;1;190,4;115,3054662;
3.11.2011;10;6;Gold;1432,05;11-12;11-14;;;0;0;0;1;1;188,05;115,1165595;
3.18.2011;11;6;Gold;1426,43;11-12;11-14;;;0;0;0;1;1;182,43;114,664791;
3.25.2011;12;6;Gold;1437,43;11-12;11-14;;;0;0;0;1;1;193,43;115,5490354;
4.1.2011;13;6;Gold;1432,2;11-12;11-14;;;0;0;0;1;1;188,2;115,1286174;
4.8.2011;14;6;Gold;1474,91;11-12;11-14;;;0;0;0;1;1;230,91;118,5618971;
4.15.2011;15;6;Gold;1486,88;11-12;11-14;;;0;0;0;1;1;242,88;119,5241158;
4.22.2011;16;6;Gold;1507,04;11-12;11-14;;;0;0;0;1;1;263,04;121,1446945;
4.29.2011;17;6;Gold;1563,7;11-12;11-14;;;0;0;0;1;1;319,7;125,6993569;
5.6.2011;18;6;Gold;1545,45;11-12;11-14;;;0;0;0;1;1;301,45;124,2323151;
5.13.2011;19;6;Gold;1516,26;11-12;11-14;;;0;0;0;1;1;272,26;121,8858521;
5.20.2011;20;6;Gold;1512,23;11-12;11-14;;;0;0;0;1;1;268,23;121,5618971;
5.27.2011;21;6;Gold;1536,4;11-12;11-14;;;0;0;0;1;1;292,4;123,5048232;
6.3.2011;22;6;Gold;1542,28;11-12;11-14;;;0;0;0;1;1;298,28;123,977492;
6.10.2011;23;6;Gold;1544,58;11-12;11-14;;;0;0;0;1;1;300,58;124,1623794;
6.17.2011;24;6;Gold;1539,4;11-12;11-14;;;0;0;0;1;1;295,4;123,7459807;
6.24.2011;25;6;Gold;1548,95;11-12;11-14;;;0;0;0;1;1;304,95;124,5136656;
7.1.2011;26;6;Gold;1512,33;11-12;11-14;;;0;0;0;1;1;268,33;121,5699357;
7.8.2011;27;6;Gold;1544,15;11-12;11-14;;;0;0;0;1;1;300,15;124,1278135;
7.15.2011;28;6;Gold;1593,6;11-12;11-14;;;0;0;0;1;1;349,6;128,1028939;
7.22.2011;29;6;Gold;1604,79;11-12;11-14;;;0;0;0;1;1;360,79;129,0024116;
7.29.2011;30;6;Gold;1627,05;11-12;11-14;;;0;0;0;1;1;383,05;130,7918006;
8.5.2011;31;6;Gold;1663,95;11-12;11-14;;;0;0;0;1;1;419,95;133,7580386;
8.12.2011;32;6;Gold;1793,27;11-12;11-14;;;0;0;0;1;1;549,27;144,153537;
8.19.2011;33;6;Gold;1852,07;11-12;11-14;;;0;0;0;1;1;608,07;148,8802251;
8.26.2011;34;6;Gold;1897,46;11-12;11-14;;;0;0;0;1;1;653,46;152,5289389;
9.2.2011;35;6;Gold;1882,96;11-12;11-14;;;0;0;0;1;1;638,96;151,3633441;
9.9.2011;36;6;Gold;1900,2;11-12;11-14;;;0;0;0;1;1;656,2;152,7491961;
9.16.2011;37;6;Gold;1833,67;11-12;11-14;;;0;0;0;1;1;589,67;147,4011254;
9.23.2011;38;6;Gold;1803,69;11-12;11-14;;;0;0;0;1;1;559,69;144,9911576;
9.30.2011;39;6;Gold;1650,72;11-12;11-14;;;0;0;0;1;1;406,72;132,6945338;
10.7.2011;40;6;Gold;1658,3;11-12;11-14;;;0;0;0;1;1;414,3;133,3038585;
10.14.2011;41;6;Gold;1680,95;11-12;11-14;;;0;0;0;1;1;436,95;135,1245981;
10.21.2011;42;6;Gold;1670,8;11-12;11-14;;;0;0;0;1;1;426,8;134,3086817;
10.28.2011;43;6;Gold;1744,95;11-12;11-14;;;0;0;0;1;1;500,95;140,2692926;
11.4.2011;44;6;Gold;1763,67;11-12;11-14;;;0;0;0;1;1;519,67;141,7741158;
11.11.2011;45;6;Gold;1794,9;11-12;11-14;;;0;0;0;1;1;550,9;144,2845659;
11.18.2011;46;6;Gold;1780,9;11-12;11-14;;;0;0;0;1;1;536,9;143,159164;
11.25.2011;47;6;Gold;1699,9;11-12;11-14;;;0;0;0;1;1;455,9;136,64791;
12.2.2011;48;6;Gold;1746,59;11-12;11-14;;;0;0;0;1;1;502,59;140,4011254;
12.9.2011;49;6;Gold;1741,89;11-12;11-14;;;0;0;0;1;1;497,89;140,0233119;
12.16.2011;50;6;Gold;1666,49;11-12;11-14;;;0;0;0;1;1;422,49;133,9622186;
12.23.2011;51;6;Gold;1615,69;11-12;11-14;;;0;0;0;1;1;371,69;129,8786174;
12.30.2011;52;6;Gold;1607,25;11-12;11-14;;;0;0;0;1;1;363,25;129,2001608;
1.6.2012;53;6;Gold;1622,71;11-12;11-14;;;0;0;0;1;1;378,71;130,442926;
1.13.2012;54;6;Gold;1649,99;11-12;11-14;;;0;0;0;1;1;405,99;132,6358521;
1.20.2012;55;6;Gold;1666,6;11-12;11-14;;;0;0;0;1;1;422,6;133,9710611;
1.27.2012;56;6;Gold;1738,95;11-12;11-14;;;0;0;0;1;1;494,95;139,7869775;
2.3.2012;57;6;Gold;1759,55;11-12;11-14;;;0;0;0;1;1;515,55;141,442926;
2.10.2012;58;6;Gold;1745,45;11-12;11-14;;;0;0;0;1;1;501,45;140,3094855;
2.17.2012;59;6;Gold;1728,25;11-12;11-14;;;0;0;0;1;1;484,25;138,9268489;
2.24.2012;60;6;Gold;1780,78;11-12;11-14;;;0;0;0;1;1;536,78;143,1495177;
3.2.2012;61;6;Gold;1784,25;11-12;11-14;;;0;0;0;1;1;540,25;143,4284566;
3.9.2012;62;6;Gold;1713,85;11-12;11-14;;;0;0;0;1;1;469,85;137,7692926;
3.16.2012;63;6;Gold;1701,34;11-12;11-14;;;0;0;0;1;1;457,34;136,7636656;
3.23.2012;64;6;Gold;1664,5;11-12;11-14;;;0;0;0;1;1;420,5;133,8022508;
3.30.2012;65;6;Gold;1690,18;11-12;11-14;;;0;0;0;1;1;446,18;135,8665595;
4.6.2012;66;6;Gold;1677,75;11-12;11-14;;;0;0;0;1;1;433,75;134,8673633;
4.13.2012;67;6;Gold;1675,78;11-12;11-14;;;0;0;0;1;1;431,78;134,7090032;
4.20.2012;68;6;Gold;1652,01;11-12;11-14;;;0;0;0;1;1;408,01;132,7982315;
4.27.2012;69;6;Gold;1662,85;11-12;11-14;;;0;0;0;1;1;418,85;133,6696141;
5.4.2012;70;6;Gold;1664,75;11-12;11-14;;;0;0;0;1;1;420,75;133,8223473;
5.11.2012;71;6;Gold;1638,45;11-12;11-14;;;0;0;0;1;1;394,45;131,7081994;
5.18.2012;72;6;Gold;1593,03;11-12;11-14;;;0;0;0;1;1;349,03;128,057074;
5.25.2012;73;6;Gold;1593,33;11-12;11-14;;;0;0;0;1;1;349,33;128,0811897;
6.1.2012;74;6;Gold;1624;11-12;11-14;;;0;0;0;1;1;380;130,5466238;
6.8.2012;75;6;Gold;1619,55;11-12;11-14;;;0;0;0;1;1;375,55;130,1889068;
6.15.2012;76;6;Gold;1627,1;11-12;11-14;;;0;0;0;1;1;383,1;130,7958199;
6.22.2012;77;6;Gold;1628,09;11-12;11-14;;;0;0;0;1;1;384,09;130,8754019;
6.29.2012;78;6;Gold;1597,45;11-12;11-14;;;0;0;0;1;1;353,45;128,4123794;
7.6.2012;79;6;Gold;1617,45;11-12;11-14;;;0;0;0;1;1;373,45;130,0200965;
7.13.2012;80;6;Gold;1589,6;11-12;11-14;;;0;0;0;1;1;345,6;127,7813505;
7.20.2012;81;6;Gold;1589,4;11-12;11-14;;;0;0;0;1;1;345,4;127,7652733;
7.27.2012;82;6;Gold;1623,2;11-12;11-14;;;0;0;0;1;1;379,2;130,4823151;
8.3.2012;83;6;Gold;1621,96;11-12;11-14;;;0;0;0;1;1;377,96;130,3826367;
8.10.2012;84;6;Gold;1620,15;11-12;11-14;;;0;0;0;1;1;376,15;130,2371383;
8.17.2012;85;6;Gold;1616,4;11-12;11-14;;;0;0;0;1;1;372,4;129,9356913;
8.24.2012;86;6;Gold;1670,53;11-12;11-14;;;0;0;0;1;1;426,53;134,2869775;
8.31.2012;87;6;Gold;1691,85;11-12;11-14;;;0;0;0;1;1;447,85;136,0008039;
9.7.2012;88;6;Gold;1735,85;11-12;11-14;;;0;0;0;1;1;491,85;139,5377814;
9.14.2012;89;6;Gold;1770,5;11-12;11-14;;;0;0;0;1;1;526,5;142,3231511;
9.21.2012;90;6;Gold;1773,1;11-12;11-14;;;0;0;0;1;1;529,1;142,5321543;
9.28.2012;91;6;Gold;1777,38;11-12;11-14;;;0;0;0;1;1;533,38;142,8762058;
10.5.2012;92;6;Gold;1790,15;11-12;11-14;;;0;0;0;1;1;546,15;143,9027331;
10.12.2012;93;6;Gold;1774,55;11-12;11-14;;;0;0;0;1;1;530,55;142,6487138;
10.19.2012;94;6;Gold;1750,15;11-12;11-14;;;0;0;0;1;1;506,15;140,687299;
10.26.2012;95;6;Gold;1728,6;11-12;11-14;;;0;0;0;1;1;484,6;138,9549839;
11.2.2012;96;6;Gold;1720,65;11-12;11-14;;;0;0;0;1;1;476,65;138,3159164;
11.9.2012;97;6;Gold;1731,4;11-12;11-14;;;0;0;0;1;1;487,4;139,1800643;
11.16.2012;98;6;Gold;1728,2;11-12;11-14;;;0;0;0;1;1;484,2;138,9228296;
11.23.2012;99;6;Gold;1753;11-12;11-14;;;0;0;0;1;1;509;140,9163987;
11.30.2012;100;6;Gold;1748,7;11-12;11-14;;;0;0;0;1;1;504,7;140,5707395;
12.7.2012;101;6;Gold;1715,96;11-12;11-14;;;0;0;0;1;1;471,96;137,9389068;
12.14.2012;102;6;Gold;1713,11;11-12;11-14;;;0;0;0;1;1;469,11;137,7098071;
12.21.2012;103;6;Gold;1698,32;11-12;11-14;;;0;0;0;1;1;454,32;136,5209003;
12.28.2012;104;6;Gold;1664,1;11-12;11-14;;;0;0;0;1;1;420,1;133,7700965;
1.4.2013;105;6;Gold;1686,89;13-14;11-14;;;0;0;0;1;1;442,89;135,60209;
1.11.2013;106;6;Gold;1675,36;13-14;11-14;;;0;0;0;1;1;431,36;134,6752412;
1.18.2013;107;6;Gold;1687,64;13-14;11-14;;;0;0;0;1;1;443,64;135,6623794;
1.25.2013;108;6;Gold;1692,75;13-14;11-14;;;0;0;0;1;1;448,75;136,0731511;
2.1.2013;109;6;Gold;1677;13-14;11-14;;;0;0;0;1;1;433;134,807074;
2.8.2013;110;6;Gold;1677,57;13-14;11-14;;;0;0;0;1;1;433,57;134,8528939;
2.15.2013;111;6;Gold;1651,33;13-14;11-14;;;0;0;0;1;1;407,33;132,7435691;
2.22.2013;112;6;Gold;1609,78;13-14;11-14;;;0;0;0;1;1;365,78;129,403537;
3.1.2013;113;6;Gold;1613,76;13-14;11-14;;;0;0;0;1;1;369,76;129,7234727;
3.8.2013;114;6;Gold;1583,97;13-14;11-14;;;0;0;0;1;1;339,97;127,3287781;
3.15.2013;115;6;Gold;1592,8;13-14;11-14;;;0;0;0;1;1;348,8;128,0385852;
3.22.2013;116;6;Gold;1614,85;13-14;11-14;;;0;0;0;1;1;370,85;129,8110932;
3.29.2013;117;6;Gold;1605,3;13-14;11-14;;;0;0;0;1;1;361,3;129,0434084;
4.5.2013;118;6;Gold;1599,52;13-14;11-14;;;0;0;0;1;1;355,52;128,5787781;
4.12.2013;119;6;Gold;1585,35;13-14;11-14;;;0;0;0;1;1;341,35;127,4397106;
4.19.2013;120;6;Gold;1403,79;13-14;11-14;;;0;0;0;1;1;159,79;112,8448553;
4.26.2013;121;6;Gold;1467,9;13-14;11-14;;;0;0;0;1;1;223,9;117,9983923;
5.3.2013;122;6;Gold;1476,71;13-14;11-14;;;0;0;0;1;1;232,71;118,7065916;
5.10.2013;123;6;Gold;1473,94;13-14;11-14;;;0;0;0;1;1;229,94;118,4839228;
5.17.2013;124;6;Gold;1430,59;13-14;11-14;;;0;0;0;1;1;186,59;114,9991961;
5.24.2013;125;6;Gold;1393,85;13-14;11-14;;;0;0;0;1;1;149,85;112,0458199;
5.31.2013;126;6;Gold;1414;13-14;11-14;;;0;0;0;1;1;170;113,6655949;
6.7.2013;127;6;Gold;1413,97;13-14;11-14;;;0;0;0;1;1;169,97;113,6631833;
6.14.2013;128;6;Gold;1390,67;13-14;11-14;;;0;0;0;1;1;146,67;111,7901929;
6.21.2013;129;6;Gold;1385,27;13-14;11-14;;;0;0;0;1;1;141,27;111,3561093;
6.28.2013;130;6;Gold;1282,39;13-14;11-14;;;0;0;0;1;1;38,39;103,0860129;
7.5.2013;131;6;Gold;1252,88;13-14;11-14;;;0;0;0;1;1;8,88;100,7138264;
7.12.2013;132;6;Gold;1286,01;13-14;11-14;;;0;0;0;1;1;42,01;103,3770096;
7.19.2013;133;6;Gold;1296,03;13-14;11-14;;;0;0;0;1;1;52,03;104,1824759;
7.26.2013;134;6;Gold;1345,18;13-14;11-14;;;0;0;0;1;1;101,18;108,1334405;
8.2.2013;135;6;Gold;1328,1;13-14;11-14;;;0;0;0;1;1;84,1;106,7604502;
8.9.2013;136;6;Gold;1314,46;13-14;11-14;;;0;0;0;1;1;70,46;105,6639871;
8.16.2013;137;6;Gold;1376,57;13-14;11-14;;;0;0;0;1;1;132,57;110,6567524;
8.23.2013;138;6;Gold;1397,73;13-14;11-14;;;0;0;0;1;1;153,73;112,357717;
8.30.2013;139;6;Gold;1417,51;13-14;11-14;;;0;0;0;1;1;173,51;113,9477492;
9.6.2013;140;6;Gold;1412,41;13-14;11-14;;;0;0;0;1;1;168,41;113,5377814;
9.13.2013;141;6;Gold;1386,97;13-14;11-14;;;0;0;0;1;1;142,97;111,4927653;
9.20.2013;142;6;Gold;1366,25;13-14;11-14;;;0;0;0;1;1;122,25;109,8271704;
9.27.2013;143;6;Gold;1336,88;13-14;11-14;;;0;0;0;1;1;92,88;107,4662379;
10.4.2013;144;6;Gold;1329,03;13-14;11-14;;;0;0;0;1;1;85,03;106,835209;
10.11.2013;145;6;Gold;1323,1;13-14;11-14;;;0;0;0;1;1;79,1;106,3585209;
10.18.2013;146;6;Gold;1320,32;13-14;11-14;;;0;0;0;1;1;76,32;106,1350482;
10.25.2013;147;6;Gold;1350,62;13-14;11-14;;;0;0;0;1;1;106,62;108,5707395;
11.1.2013;148;6;Gold;1352,63;13-14;11-14;;;0;0;0;1;1;108,63;108,7323151;
11.8.2013;149;6;Gold;1317,89;13-14;11-14;;;0;0;0;1;1;73,89;105,9397106;
11.15.2013;150;6;Gold;1290,18;13-14;11-14;;;0;0;0;1;1;46,18;103,7122186;
11.22.2013;151;6;Gold;1275,72;13-14;11-14;;;0;0;0;1;1;31,72;102,5498392;
11.29.2013;152;6;Gold;1253,35;13-14;11-14;;;0;0;0;1;1;9,35;100,7516077;
12.6.2013;153;6;Gold;1243,79;13-14;11-14;;;0;0;0;1;1;-0,21;99,98311897;
12.13.2013;154;6;Gold;1262,19;13-14;11-14;;;0;0;0;1;1;18,19;101,4622186;
12.20.2013;155;6;Gold;1241,32;13-14;11-14;;;0;0;0;1;1;-2,68;99,78456592;
12.27.2013;156;6;Gold;1213,27;13-14;11-14;;;0;0;0;1;1;-30,73;97,52974277;
1.3.2014;157;6;Gold;1236,97;13-14;11-14;;;0;0;0;1;1;-7,03;99,43488746;
1.10.2014;158;6;Gold;1248,5;13-14;11-14;;;0;0;0;1;1;4,5;100,3617363;
1.17.2014;159;6;Gold;1254,05;13-14;11-14;;;0;0;0;1;1;10,05;100,8078778;
1.24.2014;160;6;Gold;1270,06;13-14;11-14;;;0;0;0;1;1;26,06;102,0948553;
1.31.2014;161;6;Gold;1267,34;13-14;11-14;;;0;0;0;1;1;23,34;101,8762058;
2.7.2014;162;6;Gold;1267,27;13-14;11-14;;;0;0;0;1;1;23,27;101,8705788;
2.14.2014;163;6;Gold;1318,66;13-14;11-14;;;0;0;0;1;1;74,66;106,0016077;
2.21.2014;164;6;Gold;1331,5;13-14;11-14;;;0;0;0;1;1;87,5;107,0337621;
2.28.2014;165;6;Gold;1340,5;13-14;11-14;;;0;0;0;1;1;96,5;107,7572347;
3.7.2014;166;6;Gold;1350,82;13-14;11-14;;;0;0;0;1;1;106,82;108,5868167;
3.14.2014;167;6;Gold;1382,92;13-14;11-14;;;0;0;0;1;1;138,92;111,1672026;
3.21.2014;168;6;Gold;1367,07;13-14;11-14;;;0;0;0;1;1;123,07;109,8930868;
3.28.2014;169;6;Gold;1311,17;13-14;11-14;;;0;0;0;1;1;67,17;105,3995177;
4.4.2014;170;6;Gold;1303,5;13-14;11-14;;;0;0;0;1;1;59,5;104,7829582;
4.11.2014;171;6;Gold;1318,95;13-14;11-14;;;0;0;0;1;1;74,95;106,0249196;
4.18.2014;172;6;Gold;1327,99;13-14;11-14;;;0;0;0;1;1;83,99;106,7516077;
4.25.2014;173;6;Gold;1303,25;13-14;11-14;;;0;0;0;1;1;59,25;104,7628617;
5.2.2014;174;6;Gold;1299,7;13-14;11-14;;;0;0;0;1;1;55,7;104,477492;
5.9.2014;175;6;Gold;1310,28;13-14;11-14;;;0;0;0;1;1;66,28;105,3279743;
5.16.2014;176;6;Gold;1305,97;13-14;11-14;;;0;0;0;1;1;61,97;104,9815113;
5.23.2014;177;6;Gold;1294,37;13-14;11-14;;;0;0;0;1;1;50,37;104,0490354;
5.30.2014;178;6;Gold;1292,91;13-14;11-14;;;0;0;0;1;1;48,91;103,931672;
6.6.2014;179;6;Gold;1253,63;13-14;11-14;;;0;0;0;1;1;9,63;100,7741158;
6.13.2014;180;6;Gold;1276,96;13-14;11-14;;;0;0;0;1;1;32,96;102,6495177;
6.20.2014;181;6;Gold;1320,39;13-14;11-14;;;0;0;0;1;1;76,39;106,1406752;
6.27.2014;182;6;Gold;1319,18;13-14;11-14;;;0;0;0;1;1;75,18;106,0434084;
7.4.2014;183;6;Gold;1327,33;13-14;11-14;;;0;0;0;1;1;83,33;106,6985531;
7.11.2014;184;6;Gold;1338,7;13-14;11-14;;;0;0;0;1;1;94,7;107,6125402;
7.18.2014;185;6;Gold;1319,2;13-14;11-14;;;0;0;0;1;1;75,2;106,0450161;
7.25.2014;186;6;Gold;1312,49;13-14;11-14;;;0;0;0;1;1;68,49;105,505627;
8.1.2014;187;6;Gold;1304,05;13-14;11-14;;;0;0;0;1;1;60,05;104,8271704;
8.8.2014;188;6;Gold;1312,63;13-14;11-14;;;0;0;0;1;1;68,63;105,516881;
8.15.2014;189;6;Gold;1313,52;13-14;11-14;;;0;0;0;1;1;69,52;105,5884244;
8.22.2014;190;6;Gold;1298,4;13-14;11-14;;;0;0;0;1;1;54,4;104,3729904;
8.29.2014;191;6;Gold;1289,65;13-14;11-14;;;0;0;0;1;1;45,65;103,6696141;
9.5.2014;192;6;Gold;1286;13-14;11-14;;;0;0;0;1;1;42;103,3762058;
9.12.2014;193;6;Gold;1255,47;13-14;11-14;;;0;0;0;1;1;11,47;100,9220257;
9.19.2014;194;6;Gold;1235,55;13-14;11-14;;;0;0;0;1;1;-8,45;99,32073955;
9.26.2014;195;6;Gold;1223,42;13-14;11-14;;;0;0;0;1;1;-20,58;98,34565916;
10.3.2014;196;6;Gold;1215,81;13-14;11-14;;;0;0;0;1;1;-28,19;97,73392283;
10.10.2014;197;6;Gold;1224,33;13-14;11-14;;;0;0;0;1;1;-19,67;98,41881029;
10.17.2014;198;6;Gold;1242,02;13-14;11-14;;;0;0;0;1;1;-1,98;99,84083601;
10.24.2014;199;6;Gold;1248,7;13-14;11-14;;;0;0;0;1;1;4,7;100,3778135;
10.31.2014;200;6;Gold;1228,52;13-14;11-14;;;0;0;0;1;1;-15,48;98,75562701;
11.7.2014;201;6;Gold;1177,97;13-14;11-14;;;0;0;0;1;1;-66,03;94,69212219;
11.14.2014;202;6;Gold;1188,75;13-14;11-14;;;0;0;0;1;1;-55,25;95,55868167;
11.21.2014;203;6;Gold;1201,55;13-14;11-14;;;0;0;0;1;1;-42,45;96,58762058;
11.28.2014;204;6;Gold;1200,98;13-14;11-14;;;0;0;0;1;1;-43,02;96,54180064;
12.5.2014;205;6;Gold;1212,1;13-14;11-14;;;0;0;0;1;1;-31,9;97,43569132;
12.12.2014;206;6;Gold;1231,06;13-14;11-14;;;0;0;0;1;1;-12,94;98,95980707;
12.19.2014;207;6;Gold;1198,57;13-14;11-14;;;0;0;0;1;1;-45,43;96,34807074;
12.26.2014;208;6;Gold;1196;13-14;11-14;;;0;0;0;1;1;-48;96,1414791;
1.2.2015;209;6;Gold;1200,55;15-16;15-18;;;0;0;0;1;1;-43,45;96,50723473;
1.9.2015;210;6;Gold;1223,25;15-16;15-18;;;0;0;0;1;1;-20,75;98,33199357;
1.16.2015;211;6;Gold;1280,45;15-16;15-18;;;0;0;0;1;1;36,45;102,9300643;
1.23.2015;212;6;Gold;1302,25;15-16;15-18;;;0;0;0;1;1;58,25;104,6824759;
1.30.2015;213;6;Gold;1292,34;15-16;15-18;;;0;0;0;1;1;48,34;103,8858521;
2.6.2015;214;6;Gold;1274,41;15-16;15-18;;;0;0;0;1;1;30,41;102,4445338;
2.13.2015;215;6;Gold;1239,03;15-16;15-18;;;0;0;0;1;1;-4,97;99,60048232;
2.20.2015;216;6;Gold;1232,55;15-16;15-18;;;0;0;0;1;1;-11,45;99,07958199;
2.27.2015;217;6;Gold;1213,18;15-16;15-18;;;0;0;0;1;1;-30,82;97,52250804;
3.6.2015;218;6;Gold;1206,83;15-16;15-18;;;0;0;0;1;1;-37,17;97,01205788;
3.13.2015;219;6;Gold;1167,21;15-16;15-18;;;0;0;0;1;1;-76,79;93,82717042;
3.20.2015;220;6;Gold;1182,54;15-16;15-18;;;0;0;0;1;1;-61,46;95,05948553;
3.27.2015;221;6;Gold;1204,81;15-16;15-18;;;0;0;0;1;1;-39,19;96,84967846;
4.3.2015;222;6;Gold;1206,91;15-16;15-18;;;0;0;0;1;1;-37,09;97,01848875;
4.10.2015;223;6;Gold;1214,84;15-16;15-18;;;0;0;0;1;1;-29,16;97,65594855;
4.17.2015;224;6;Gold;1204,22;15-16;15-18;;;0;0;0;1;1;-39,78;96,8022508;
4.24.2015;225;6;Gold;1202,41;15-16;15-18;;;0;0;0;1;1;-41,59;96,65675241;
5.1.2015;226;6;Gold;1212,17;15-16;15-18;;;0;0;0;1;1;-31,83;97,44131833;
5.8.2015;227;6;Gold;1193,34;15-16;15-18;;;0;0;0;1;1;-50,66;95,92765273;
5.15.2015;228;6;Gold;1224,8;15-16;15-18;;;0;0;0;1;1;-19,2;98,45659164;
5.22.2015;229;6;Gold;1225,51;15-16;15-18;;;0;0;0;1;1;-18,49;98,51366559;
5.29.2015;230;6;Gold;1206,6;15-16;15-18;;;0;0;0;1;1;-37,4;96,99356913;
6.5.2015;231;6;Gold;1193,01;15-16;15-18;;;0;0;0;1;1;-50,99;95,9011254;
6.12.2015;232;6;Gold;1186,06;15-16;15-18;;;0;0;0;1;1;-57,94;95,34244373;
6.19.2015;233;6;Gold;1201,94;15-16;15-18;;;0;0;0;1;1;-42,06;96,61897106;
6.26.2015;234;6;Gold;1185,98;15-16;15-18;;;0;0;0;1;1;-58,02;95,33601286;
7.3.2015;235;6;Gold;1179,83;15-16;15-18;;;0;0;0;1;1;-64,17;94,84163987;
7.10.2015;236;6;Gold;1170,33;15-16;15-18;;;0;0;0;1;1;-73,67;94,07797428;
7.17.2015;237;6;Gold;1157,98;15-16;15-18;;;0;0;0;1;1;-86,02;93,085209;
7.24.2015;238;6;Gold;1101,25;15-16;15-18;;;0;0;0;1;1;-142,75;88,52491961;
7.31.2015;239;6;Gold;1096,85;15-16;15-18;;;0;0;0;1;1;-147,15;88,17122186;
8.7.2015;240;6;Gold;1094,15;15-16;15-18;;;0;0;0;1;1;-149,85;87,95418006;
8.14.2015;241;6;Gold;1124,47;15-16;15-18;;;0;0;0;1;1;-119,53;90,3914791;
8.21.2015;242;6;Gold;1160,77;15-16;15-18;;;0;0;0;1;1;-83,23;93,30948553;
8.28.2015;243;6;Gold;1155,11;15-16;15-18;;;0;0;0;1;1;-88,89;92,85450161;
9.4.2015;244;6;Gold;1140,27;15-16;15-18;;;0;0;0;1;1;-103,73;91,66157556;
9.11.2015;245;6;Gold;1121,55;15-16;15-18;;;0;0;0;1;1;-122,45;90,15675241;
9.18.2015;246;6;Gold;1139,23;15-16;15-18;;;0;0;0;1;1;-104,77;91,57797428;
9.25.2015;247;6;Gold;1153,95;15-16;15-18;;;0;0;0;1;1;-90,05;92,76125402;
10.2.2015;248;6;Gold;1138,6;15-16;15-18;;;0;0;0;1;1;-105,4;91,52733119;
10.9.2015;249;6;Gold;1156,53;15-16;15-18;;;0;0;0;1;1;-87,47;92,96864952;
10.16.2015;250;6;Gold;1184,13;15-16;15-18;;;0;0;0;1;1;-59,87;95,18729904;
10.23.2015;251;6;Gold;1176,04;15-16;15-18;;;0;0;0;1;1;-67,96;94,53697749;
10.30.2015;252;6;Gold;1166,88;15-16;15-18;;;0;0;0;1;1;-77,12;93,80064309;
11.6.2015;253;6;Gold;1133,84;15-16;15-18;;;0;0;0;1;1;-110,16;91,14469453;
11.13.2015;254;6;Gold;1092,31;15-16;15-18;;;0;0;0;1;1;-151,69;87,8062701;
11.20.2015;255;6;Gold;1082,76;15-16;15-18;;;0;0;0;1;1;-161,24;87,03858521;
11.27.2015;256;6;Gold;1075,65;15-16;15-18;;;0;0;0;1;1;-168,35;86,4670418;
12.4.2015;257;6;Gold;1086,44;15-16;15-18;;;0;0;0;1;1;-157,56;87,33440514;
12.11.2015;258;6;Gold;1074,96;15-16;15-18;;;0;0;0;1;1;-169,04;86,41157556;
12.18.2015;259;6;Gold;1072,32;15-16;15-18;;;0;0;0;1;1;-171,68;86,19935691;
1.8.2016;260;6;Gold;1108,97;15-16;15-18;;;0;0;0;1;1;-135,03;89,14549839;
1.15.2016;261;6;Gold;1094,2;15-16;15-18;;;0;0;0;1;1;-149,8;87,95819936;
1.22.2016;262;6;Gold;1101,2;15-16;15-18;;;0;0;0;1;1;-142,8;88,52090032;
1.29.2016;263;6;Gold;1124,97;15-16;15-18;;;0;0;0;1;1;-119,03;90,43167203;
2.5.2016;264;6;Gold;1173,4;15-16;15-18;;;0;0;0;1;1;-70,6;94,32475884;
2.12.2016;265;6;Gold;1246,7;15-16;15-18;;;0;0;0;1;1;2,7;100,2170418;
2.19.2016;266;6;Gold;1230,87;15-16;15-18;;;0;0;0;1;1;-13,13;98,94453376;
2.26.2016;267;6;Gold;1232,91;15-16;15-18;;;0;0;0;1;1;-11,09;99,1085209;
3.4.2016;268;6;Gold;1264,25;15-16;15-18;;;0;0;0;1;1;20,25;101,6278135;
3.11.2016;269;6;Gold;1272,25;15-16;15-18;;;0;0;0;1;1;28,25;102,2709003;
3.18.2016;270;6;Gold;1262,57;15-16;15-18;;;0;0;0;1;1;18,57;101,4927653;
3.25.2016;271;6;Gold;1248,32;15-16;15-18;;;0;0;0;1;1;4,32;100,3472669;
4.1.2016;272;6;Gold;1242,2;15-16;15-18;;;0;0;0;1;1;-1,8;99,85530547;
4.8.2016;273;6;Gold;1240,69;15-16;15-18;;;0;0;0;1;1;-3,31;99,73392283;
4.15.2016;274;6;Gold;1257,88;15-16;15-18;;;0;0;0;1;1;13,88;101,1157556;
4.22.2016;275;6;Gold;1250,19;15-16;15-18;;;0;0;0;1;1;6,19;100,4975884;
4.29.2016;276;6;Gold;1293,53;15-16;15-18;;;0;0;0;1;1;49,53;103,9815113;
5.6.2016;277;6;Gold;1291,55;15-16;15-18;;;0;0;0;1;1;47,55;103,8223473;
5.13.2016;278;6;Gold;1277,21;15-16;15-18;;;0;0;0;1;1;33,21;102,6696141;
5.20.2016;279;6;Gold;1278,95;15-16;15-18;;;0;0;0;1;1;34,95;102,8094855;
5.27.2016;280;6;Gold;1249,13;15-16;15-18;;;0;0;0;1;1;5,13;100,4123794;
6.3.2016;281;6;Gold;1244,2;15-16;15-18;;;0;0;0;1;1;0,2;100,0160772;
6.10.2016;282;6;Gold;1274,24;15-16;15-18;;;0;0;0;1;1;30,24;102,4308682;
6.17.2016;283;6;Gold;1298,65;15-16;15-18;;;0;0;0;1;1;54,65;104,3930868;
6.24.2016;284;6;Gold;1315,75;15-16;15-18;;;0;0;0;1;1;71,75;105,7676849;
7.1.2016;285;6;Gold;1341,35;15-16;15-18;;;0;0;0;1;1;97,35;107,8255627;
7.8.2016;286;6;Gold;1366,33;15-16;15-18;;;0;0;0;1;1;122,33;109,8336013;
7.15.2016;287;6;Gold;1355,4;15-16;15-18;;;0;0;0;1;1;111,4;108,9549839;
7.22.2016;288;6;Gold;1332,01;15-16;15-18;;;0;0;0;1;1;88,01;107,0747588;
7.29.2016;289;6;Gold;1351,28;15-16;15-18;;;0;0;0;1;1;107,28;108,6237942;
8.5.2016;290;6;Gold;1363,57;15-16;15-18;;;0;0;0;1;1;119,57;109,6117363;
8.12.2016;291;6;Gold;1346,61;15-16;15-18;;;0;0;0;1;1;102,61;108,2483923;
8.19.2016;292;6;Gold;1352,36;15-16;15-18;;;0;0;0;1;1;108,36;108,7106109;
8.26.2016;293;6;Gold;1339,09;15-16;15-18;;;0;0;0;1;1;95,09;107,6438907;
9.2.2016;294;6;Gold;1325,21;15-16;15-18;;;0;0;0;1;1;81,21;106,528135;
9.9.2016;295;6;Gold;1350;15-16;15-18;;;0;0;0;1;1;106;108,5209003;
9.16.2016;296;6;Gold;1327,82;15-16;15-18;;;0;0;0;1;1;83,82;106,7379421;
9.23.2016;297;6;Gold;1337,56;15-16;15-18;;;0;0;0;1;1;93,56;107,5209003;
9.30.2016;298;6;Gold;1337,95;15-16;15-18;;;0;0;0;1;1;93,95;107,5522508;
10.7.2016;299;6;Gold;1311,6;15-16;15-18;;;0;0;0;1;1;67,6;105,4340836;
10.14.2016;300;6;Gold;1259,65;15-16;15-18;;;0;0;0;1;1;15,65;101,2580386;
10.21.2016;301;6;Gold;1269,23;15-16;15-18;;;0;0;0;1;1;25,23;102,028135;
10.28.2016;302;6;Gold;1275,47;15-16;15-18;;;0;0;0;1;1;31,47;102,5297428;
11.4.2016;303;6;Gold;1305,06;15-16;15-18;;;0;0;0;1;1;61,06;104,9083601;
11.11.2016;304;6;Gold;1281,64;15-16;15-18;;;0;0;0;1;1;37,64;103,0257235;
11.18.2016;305;6;Gold;1228,73;15-16;15-18;;;0;0;0;1;1;-15,27;98,77250804;
11.25.2016;306;6;Gold;1214,23;15-16;15-18;;;0;0;0;1;1;-29,77;97,60691318;
12.2.2016;307;6;Gold;1194;15-16;15-18;;;0;0;0;1;1;-50;95,9807074;
12.9.2016;308;6;Gold;1173,98;15-16;15-18;;;0;0;0;1;1;-70,02;94,37138264;
12.16.2016;309;6;Gold;1162,22;15-16;15-18;;;0;0;0;1;1;-81,78;93,42604502;
12.23.2016;310;6;Gold;1138,21;15-16;15-18;;;0;0;0;1;1;-105,79;91,49598071;
12.30.2016;311;6;Gold;1158,19;15-16;15-18;;;0;0;0;1;1;-85,81;93,10209003;
1.6.2017;312;6;Gold;1180,12;17-18;15-18;;;0;0;0;1;1;-63,88;94,86495177;
1.13.2017;313;6;Gold;1197,34;17-18;15-18;;;0;0;0;1;1;-46,66;96,24919614;
1.20.2017;314;6;Gold;1217,07;17-18;15-18;;;0;0;0;1;1;-26,93;97,835209;
1.27.2017;315;6;Gold;1218,23;17-18;15-18;;;0;0;0;1;1;-25,77;97,92845659;
2.3.2017;316;6;Gold;1220,3;17-18;15-18;;;0;0;0;1;1;-23,7;98,09485531;
2.10.2017;317;6;Gold;1241,53;17-18;15-18;;;0;0;0;1;1;-2,47;99,80144695;
2.17.2017;318;6;Gold;1239,04;17-18;15-18;;;0;0;0;1;1;-4,96;99,60128617;
2.24.2017;319;6;Gold;1257,19;17-18;15-18;;;0;0;0;1;1;13,19;101,0602894;
3.3.2017;320;6;Gold;1252,73;17-18;15-18;;;0;0;0;1;1;8,73;100,7017685;
3.10.2017;321;6;Gold;1225,29;17-18;15-18;;;0;0;0;1;1;-18,71;98,49598071;
3.17.2017;322;6;Gold;1229,26;17-18;15-18;;;0;0;0;1;1;-14,74;98,81511254;
3.24.2017;323;6;Gold;1248,84;17-18;15-18;;;0;0;0;1;1;4,84;100,3890675;
3.31.2017;324;6;Gold;1254,86;17-18;15-18;;;0;0;0;1;1;10,86;100,8729904;
4.7.2017;325;6;Gold;1256,28;17-18;15-18;;;0;0;0;1;1;12,28;100,9871383;
4.14.2017;326;6;Gold;1287,92;17-18;15-18;;;0;0;0;1;1;43,92;103,5305466;
4.21.2017;327;6;Gold;1289,76;17-18;15-18;;;0;0;0;1;1;45,76;103,6784566;
4.28.2017;328;6;Gold;1276,31;17-18;15-18;;;0;0;0;1;1;32,31;102,5972669;
5.5.2017;329;6;Gold;1256,76;17-18;15-18;;;0;0;0;1;1;12,76;101,0257235;
5.12.2017;330;6;Gold;1228,43;17-18;15-18;;;0;0;0;1;1;-15,57;98,74839228;
5.19.2017;331;6;Gold;1261,36;17-18;15-18;;;0;0;0;1;1;17,36;101,3954984;
5.26.2017;332;6;Gold;1266,76;17-18;15-18;;;0;0;0;1;1;22,76;101,829582;
6.2.2017;333;6;Gold;1279,17;17-18;15-18;;;0;0;0;1;1;35,17;102,8271704;
6.9.2017;334;6;Gold;1294,39;17-18;15-18;;;0;0;0;1;1;50,39;104,0506431;
6.16.2017;335;6;Gold;1266,55;17-18;15-18;;;0;0;0;1;1;22,55;101,812701;
6.23.2017;336;6;Gold;1256,71;17-18;15-18;;;0;0;0;1;1;12,71;101,0217042;
6.30.2017;337;6;Gold;1249,27;17-18;15-18;;;0;0;0;1;1;5,27;100,4236334;
7.7.2017;338;6;Gold;1227,04;17-18;15-18;;;0;0;0;1;1;-16,96;98,63665595;
7.14.2017;339;6;Gold;1228,7;17-18;15-18;;;0;0;0;1;1;-15,3;98,77009646;
7.21.2017;340;6;Gold;1254,98;17-18;15-18;;;0;0;0;1;1;10,98;100,8826367;
7.28.2017;341;6;Gold;1269,64;17-18;15-18;;;0;0;0;1;1;25,64;102,0610932;
8.4.2017;342;6;Gold;1269,44;17-18;15-18;;;0;0;0;1;1;25,44;102,0450161;
8.11.2017;343;6;Gold;1289,31;17-18;15-18;;;0;0;0;1;1;45,31;103,642283;
8.18.2017;344;6;Gold;1288,15;17-18;15-18;;;0;0;0;1;1;44,15;103,5490354;
8.25.2017;345;6;Gold;1291,88;17-18;15-18;;;0;0;0;1;1;47,88;103,8488746;
9.1.2017;346;6;Gold;1325,23;17-18;15-18;;;0;0;0;1;1;81,23;106,5297428;
9.8.2017;347;6;Gold;1349,22;17-18;15-18;;;0;0;0;1;1;105,22;108,4581994;
9.15.2017;348;6;Gold;1331,81;17-18;15-18;;;0;0;0;1;1;87,81;107,0586817;
9.22.2017;349;6;Gold;1311,15;17-18;15-18;;;0;0;0;1;1;67,15;105,39791;
9.29.2017;350;6;Gold;1310,78;17-18;15-18;;;0;0;0;1;1;66,78;105,3681672;
10.6.2017;351;6;Gold;1276,68;17-18;15-18;;;0;0;0;1;1;32,68;102,6270096;
10.13.2017;352;6;Gold;1303,82;17-18;15-18;;;0;0;0;1;1;59,82;104,8086817;
10.20.2017;353;6;Gold;1295,79;17-18;15-18;;;0;0;0;1;1;51,79;104,1631833;
10.27.2017;354;6;Gold;1282,27;17-18;15-18;;;0;0;0;1;1;38,27;103,0763666;
11.3.2017;355;6;Gold;1276,29;17-18;15-18;;;0;0;0;1;1;32,29;102,5956592;
11.10.2017;356;6;Gold;1285,07;17-18;15-18;;;0;0;0;1;1;41,07;103,3014469;
11.17.2017;357;6;Gold;1292,42;17-18;15-18;;;0;0;0;1;1;48,42;103,892283;
11.24.2017;358;6;Gold;1292,12;17-18;15-18;;;0;0;0;1;1;48,12;103,8681672;
12.1.2017;359;6;Gold;1294,52;17-18;15-18;;;0;0;0;1;1;50,52;104,0610932;
12.8.2017;360;6;Gold;1276,18;17-18;15-18;;;0;0;0;1;1;32,18;102,5868167;
12.15.2017;361;6;Gold;1244;17-18;15-18;;;300;300;300;1;1;0;100;x
12.22.2017;362;6;Gold;1274,16;17-18;15-18;;;0;0;0;1;1;30,16;102,4244373;
12.29.2017;363;6;Gold;1302,8;17-18;15-18;;;0;0;0;1;1;58,8;104,7266881;
1.5.2018;364;6;Gold;1323,01;17-18;15-18;;;0;0;0;1;1;79,01;106,3512862;
1.12.2018;365;6;Gold;1337,64;17-18;15-18;;;0;0;0;1;1;93,64;107,5273312;
1.19.2018;366;6;Gold;1339,99;17-18;15-18;;;0;0;0;1;1;95,99;107,7162379;
1.26.2018;367;6;Gold;1358,46;17-18;15-18;;;0;0;0;1;1;114,46;109,2009646;
2.2.2018;368;6;Gold;1348,79;17-18;15-18;;;0;0;0;1;1;104,79;108,4236334;
2.9.2018;369;6;Gold;1339,67;17-18;15-18;;;0;0;0;1;1;95,67;107,6905145;
2.16.2018;370;6;Gold;1353,67;17-18;15-18;;;0;0;0;1;1;109,67;108,8159164;
2.23.2018;371;6;Gold;1346,46;17-18;15-18;;;0;0;0;1;1;102,46;108,2363344;
3.2.2018;372;6;Gold;1333,68;17-18;15-18;;;0;0;0;1;1;89,68;107,2090032;
3.9.2018;373;6;Gold;1334,56;17-18;15-18;;;0;0;0;1;1;90,56;107,2797428;
3.16.2018;374;6;Gold;1326,51;17-18;15-18;;;0;0;0;1;1;82,51;106,6326367;
3.23.2018;375;6;Gold;1347,33;17-18;15-18;;;0;0;0;1;1;103,33;108,3062701;
3.30.2018;376;6;Gold;1353,5;17-18;15-18;;;0;0;0;1;1;109,5;108,8022508;
4.6.2018;377;6;Gold;1341,29;17-18;15-18;;;0;0;0;1;1;97,29;107,8207395;
4.13.2018;378;6;Gold;1353,38;17-18;15-18;;;0;0;0;1;1;109,38;108,7926045;
4.20.2018;379;6;Gold;1349,41;17-18;15-18;;;0;0;0;1;1;105,41;108,4734727;
4.27.2018;380;6;Gold;1330,35;17-18;15-18;;;0;0;0;1;1;86,35;106,9413183;
5.4.2018;381;6;Gold;1315,39;17-18;15-18;;;0;0;0;1;1;71,39;105,738746;
5.11.2018;382;6;Gold;1321,6;17-18;15-18;;;0;0;0;1;1;77,6;106,2379421;
5.18.2018;383;6;Gold;1313,5;17-18;15-18;;;0;0;0;1;1;69,5;105,5868167;
5.25.2018;384;6;Gold;1304,63;17-18;15-18;;;0;0;0;1;1;60,63;104,8737942;
6.1.2018;385;6;Gold;1301,38;17-18;15-18;;;0;0;0;1;1;57,38;104,6125402;
6.8.2018;386;6;Gold;1298,17;17-18;15-18;;;0;0;0;1;1;54,17;104,3545016;
6.15.2018;387;6;Gold;1302,25;17-18;15-18;;;0;0;0;1;1;58,25;104,6824759;
6.22.2018;388;6;Gold;1278,32;17-18;15-18;;;0;0;0;1;1;34,32;102,7588424;
6.29.2018;389;6;Gold;1265,64;17-18;15-18;;;0;0;0;1;1;21,64;101,7395498;
7.6.2018;390;6;Gold;1257,91;17-18;15-18;;;0;0;0;1;1;13,91;101,1181672;
7.13.2018;391;6;Gold;1257,68;17-18;15-18;;;0;0;0;1;1;13,68;101,0996785;
7.20.2018;392;6;Gold;1240,93;17-18;15-18;;;0;0;0;1;1;-3,07;99,75321543;
7.27.2018;393;6;Gold;1231,63;17-18;15-18;;;0;0;0;1;1;-12,37;99,00562701;
8.3.2018;394;6;Gold;1224,15;17-18;15-18;;;0;0;0;1;1;-19,85;98,40434084;
8.10.2018;395;6;Gold;1213,88;17-18;15-18;;;0;0;0;1;1;-30,12;97,57877814;
8.17.2018;396;6;Gold;1194,09;17-18;15-18;;;0;0;0;1;1;-49,91;95,98794212;
8.24.2018;397;6;Gold;1205,35;17-18;15-18;;;0;0;0;1;1;-38,65;96,89308682;
8.31.2018;398;6;Gold;1211,38;17-18;15-18;;;0;0;0;1;1;-32,62;97,3778135;
9.7.2018;399;6;Gold;1201,27;17-18;15-18;;;0;0;0;1;1;-42,73;96,56511254;
9.14.2018;400;6;Gold;1206,24;17-18;15-18;;;0;0;0;1;1;-37,76;96,96463023;
9.21.2018;401;6;Gold;1207,18;17-18;15-18;;;0;0;0;1;1;-36,82;97,04019293;
9.28.2018;402;6;Gold;1201,22;17-18;15-18;;;0;0;0;1;1;-42,78;96,56109325;
10.5.2018;403;6;Gold;1203,63;17-18;15-18;;;0;0;0;1;1;-40,37;96,75482315;
10.12.2018;404;6;Gold;1224,09;17-18;15-18;;;0;0;0;1;1;-19,91;98,39951768;
10.19.2018;405;6;Gold;1227,06;17-18;15-18;;;0;0;0;1;1;-16,94;98,63826367;
10.26.2018;406;6;Gold;1233,79;17-18;15-18;;;0;0;0;1;1;-10,21;99,17926045;
11.2.2018;407;6;Gold;1233,43;17-18;15-18;;;0;0;0;1;1;-10,57;99,15032154;
11.9.2018;408;6;Gold;1231,49;17-18;15-18;;;0;0;0;1;1;-12,51;98,99437299;
11.16.2018;409;6;Gold;1223,36;17-18;15-18;;;0;0;0;1;1;-20,64;98,34083601;
11.23.2018;410;6;Gold;1228,64;17-18;15-18;;;0;0;0;1;1;-15,36;98,76527331;
11.30.2018;411;6;Gold;1224,21;17-18;15-18;;;0;0;0;1;1;-19,79;98,40916399;
12.7.2018;412;6;Gold;1249,31;17-18;15-18;;;0;0;0;1;1;5,31;100,4268489;
12.14.2018;413;6;Gold;1245,66;17-18;15-18;;;0;0;0;1;1;1,66;100,1334405;
12.21.2018;414;6;Gold;1259,86;17-18;15-18;;;0;0;0;1;1;15,86;101,2749196;
12.28.2018;415;6;Gold;1280,71;17-18;15-18;;;0;0;0;1;1;36,71;102,9509646;
1.4.2019;416;6;Gold;1294,28;19-20;19-22;;;0;0;0;1;1;50,28;104,0418006;
1.11.2019;417;6;Gold;1293,56;19-20;19-22;;;0;0;0;1;1;49,56;103,9839228;
1.18.2019;418;6;Gold;1293,67;19-20;19-22;;;0;0;0;1;1;49,67;103,9927653;
1.25.2019;419;6;Gold;1305,25;19-20;19-22;;;0;0;0;1;1;61,25;104,9236334;
2.1.2019;420;6;Gold;1321,25;19-20;19-22;;;0;0;0;1;1;77,25;106,2098071;
2.8.2019;421;6;Gold;1315,32;19-20;19-22;;;0;0;0;1;1;71,32;105,733119;
2.15.2019;422;6;Gold;1322,49;19-20;19-22;;;0;0;0;1;1;78,49;106,3094855;
2.22.2019;423;6;Gold;1340,94;19-20;19-22;;;0;0;0;1;1;96,94;107,7926045;
3.1.2019;424;6;Gold;1328,96;19-20;19-22;;;0;0;0;1;1;84,96;106,829582;
3.8.2019;425;6;Gold;1298,3;19-20;19-22;;;0;0;0;1;1;54,3;104,3649518;
3.15.2019;426;6;Gold;1309,12;19-20;19-22;;;0;0;0;1;1;65,12;105,2347267;
3.22.2019;427;6;Gold;1313,68;19-20;19-22;;;0;0;0;1;1;69,68;105,6012862;
3.29.2019;428;6;Gold;1321,9;19-20;19-22;;;0;0;0;1;1;77,9;106,2620579;
4.5.2019;429;6;Gold;1292,46;19-20;19-22;;;0;0;0;1;1;48,46;103,8954984;
4.12.2019;430;6;Gold;1307,99;19-20;19-22;;;0;0;0;1;1;63,99;105,1438907;
4.19.2019;431;6;Gold;1287,95;19-20;19-22;;;0;0;0;1;1;43,95;103,5329582;
4.26.2019;432;6;Gold;1286,16;19-20;19-22;;;0;0;0;1;1;42,16;103,3890675;
5.3.2019;433;6;Gold;1283,53;19-20;19-22;;;0;0;0;1;1;39,53;103,1776527;
5.10.2019;434;6;Gold;1286,05;19-20;19-22;;;0;0;0;1;1;42,05;103,3802251;
5.17.2019;435;6;Gold;1299,91;19-20;19-22;;;0;0;0;1;1;55,91;104,494373;
5.24.2019;436;6;Gold;1284,93;19-20;19-22;;;0;0;0;1;1;40,93;103,2901929;
5.31.2019;437;6;Gold;1305,58;19-20;19-22;;;0;0;0;1;1;61,58;104,9501608;
6.7.2019;438;6;Gold;1340,86;19-20;19-22;;;0;0;0;1;1;96,86;107,7861736;
6.14.2019;439;6;Gold;1342,31;19-20;19-22;;;0;0;0;1;1;98,31;107,9027331;
6.21.2019;440;6;Gold;1399,63;19-20;19-22;;;0;0;0;1;1;155,63;112,5104502;
6.28.2019;441;6;Gold;1423,44;19-20;19-22;;;0;0;0;1;1;179,44;114,4244373;
7.5.2019;442;6;Gold;1418,78;19-20;19-22;;;0;0;0;1;1;174,78;114,0498392;
7.12.2019;443;6;Gold;1419,02;19-20;19-22;;;0;0;0;1;1;175,02;114,0691318;
7.19.2019;444;6;Gold;1446,1;19-20;19-22;;;0;0;0;1;1;202,1;116,2459807;
7.26.2019;445;6;Gold;1425,86;19-20;19-22;;;0;0;0;1;1;181,86;114,6189711;
8.2.2019;446;6;Gold;1445,18;19-20;19-22;;;0;0;0;1;1;201,18;116,1720257;
8.9.2019;447;6;Gold;1501,16;19-20;19-22;;;0;0;0;1;1;257,16;120,6720257;
8.16.2019;448;6;Gold;1523,29;19-20;19-22;;;0;0;0;1;1;279,29;122,4509646;
8.23.2019;449;6;Gold;1526,96;19-20;19-22;;;0;0;0;1;1;282,96;122,7459807;
8.30.2019;450;6;Gold;1542,81;19-20;19-22;;;0;0;0;1;1;298,81;124,0200965;
9.6.2019;451;6;Gold;1552,55;19-20;19-22;;;0;0;0;1;1;308,55;124,8030547;
9.13.2019;452;6;Gold;1499,26;19-20;19-22;;;0;0;0;1;1;255,26;120,5192926;
9.20.2019;453;6;Gold;1516,9;19-20;19-22;;;0;0;0;1;1;272,9;121,937299;
9.27.2019;454;6;Gold;1531,87;19-20;19-22;;;0;0;0;1;1;287,87;123,1406752;
10.4.2019;455;6;Gold;1505,19;19-20;19-22;;;0;0;0;1;1;261,19;120,9959807;
10.11.2019;456;6;Gold;1505,57;19-20;19-22;;;0;0;0;1;1;261,57;121,0265273;
10.18.2019;457;6;Gold;1493,21;19-20;19-22;;;0;0;0;1;1;249,21;120,0329582;
10.25.2019;458;6;Gold;1504,63;19-20;19-22;;;0;0;0;1;1;260,63;120,9509646;
11.1.2019;459;6;Gold;1514,34;19-20;19-22;;;0;0;0;1;1;270,34;121,7315113;
11.8.2019;460;6;Gold;1509,82;19-20;19-22;;;0;0;0;1;1;265,82;121,3681672;
11.15.2019;461;6;Gold;1471,4;19-20;19-22;;;0;0;0;1;1;227,4;118,2797428;
11.22.2019;462;6;Gold;1472,46;19-20;19-22;;;0;0;0;1;1;228,46;118,3649518;
11.29.2019;463;6;Gold;1463,98;19-20;19-22;;;0;0;0;1;1;219,98;117,6832797;
12.6.2019;464;6;Gold;1477,61;19-20;19-22;;;0;0;0;1;1;233,61;118,7789389;
12.13.2019;465;6;Gold;1476,33;19-20;19-22;;;0;0;0;1;1;232,33;118,676045;
12.20.2019;466;6;Gold;1478,8;19-20;19-22;;;0;0;0;1;1;234,8;118,8745981;
12.27.2019;467;6;Gold;1511,53;19-20;19-22;;;0;0;0;1;1;267,53;121,505627;
1.3.2020;468;6;Gold;1552,2;19-20;19-22;;;0;0;0;1;1;308,2;124,7749196;
1.10.2020;469;6;Gold;1574,37;19-20;19-22;;;0;0;0;1;1;330,37;126,557074;
1.17.2020;470;6;Gold;1557,24;19-20;19-22;;;0;0;0;1;1;313,24;125,1800643;
1.24.2020;471;6;Gold;1571,53;19-20;19-22;;;0;0;0;1;1;327,53;126,3287781;
1.31.2020;472;6;Gold;1589,16;19-20;19-22;;;0;0;0;1;1;345,16;127,7459807;
2.7.2020;473;6;Gold;1576,73;19-20;19-22;;;0;0;0;1;1;332,73;126,7467846;
2.14.2020;474;6;Gold;1584,06;19-20;19-22;;;0;0;0;1;1;340,06;127,3360129;
2.21.2020;475;6;Gold;1643,41;19-20;19-22;;;0;0;0;1;1;399,41;132,1069132;
2.28.2020;476;6;Gold;1659,38;19-20;19-22;;;0;0;0;1;1;415,38;133,3906752;
3.6.2020;477;6;Gold;1673,83;19-20;19-22;;;0;0;0;1;1;429,83;134,5522508;
3.13.2020;478;6;Gold;1680,47;19-20;19-22;;;0;0;0;1;1;436,47;135,0860129;
3.20.2020;479;6;Gold;1528,3;19-20;19-22;;;0;0;0;1;1;284,3;122,8536977;
3.27.2020;480;6;Gold;1632,32;19-20;19-22;;;0;0;0;1;1;388,32;131,2154341;
4.3.2020;481;6;Gold;1622,51;19-20;19-22;;;0;0;0;1;1;378,51;130,4268489;
4.10.2020;482;6;Gold;1696,65;19-20;19-22;;;0;0;0;1;1;452,65;136,3866559;
4.17.2020;483;6;Gold;1726,97;19-20;19-22;;;0;0;0;1;1;482,97;138,823955;
4.24.2020;484;6;Gold;1730,51;19-20;19-22;;;0;0;0;1;1;486,51;139,1085209;
5.1.2020;485;6;Gold;1713,99;19-20;19-22;;;0;0;0;1;1;469,99;137,7805466;
5.8.2020;486;6;Gold;1716,06;19-20;19-22;;;0;0;0;1;1;472,06;137,9469453;
5.15.2020;487;6;Gold;1743,67;19-20;19-22;;;0;0;0;1;1;499,67;140,1663987;
5.22.2020;488;6;Gold;1748,18;19-20;19-22;;;0;0;0;1;1;504,18;140,5289389;
5.29.2020;489;6;Gold;1731,95;19-20;19-22;;;0;0;0;1;1;487,95;139,2242765;
6.5.2020;490;6;Gold;1739,55;19-20;19-22;;;0;0;0;1;1;495,55;139,835209;
6.12.2020;491;6;Gold;1738,7;19-20;19-22;;;0;0;0;1;1;494,7;139,766881;
6.19.2020;492;6;Gold;1743,87;19-20;19-22;;;0;0;0;1;1;499,87;140,1824759;
6.26.2020;493;6;Gold;1771,29;19-20;19-22;;;0;0;0;1;1;527,29;142,3866559;
7.3.2020;494;6;Gold;1780,96;19-20;19-22;;;0;0;0;1;1;536,96;143,1639871;
7.10.2020;495;6;Gold;1808,89;19-20;19-22;;;0;0;0;1;1;564,89;145,409164;
7.17.2020;496;6;Gold;1810,42;19-20;19-22;;;0;0;0;1;1;566,42;145,5321543;
7.24.2020;497;6;Gold;1902,02;19-20;19-22;;;0;0;0;1;1;658,02;152,8954984;
7.31.2020;498;6;Gold;1975,86;19-20;19-22;;;0;0;0;1;1;731,86;158,8311897;
8.7.2020;499;6;Gold;2063,54;19-20;19-22;;;0;0;0;1;1;819,54;165,8794212;
8.14.2020;500;6;Gold;2027,34;19-20;19-22;;;0;0;0;1;1;783,34;162,9694534;
8.21.2020;501;6;Gold;2002,44;19-20;19-22;;;0;0;0;1;1;758,44;160,9678457;
8.28.2020;502;6;Gold;1964,83;19-20;19-22;;;0;0;0;1;1;720,83;157,9445338;
9.4.2020;503;6;Gold;1970,18;19-20;19-22;;;0;0;0;1;1;726,18;158,3745981;
9.11.2020;504;6;Gold;1946,84;19-20;19-22;;;0;0;0;1;1;702,84;156,4983923;
9.18.2020;505;6;Gold;1959,26;19-20;19-22;;;0;0;0;1;1;715,26;157,4967846;
9.25.2020;506;6;Gold;1912,51;19-20;19-22;;;0;0;0;1;1;668,51;153,738746;
10.2.2020;507;6;Gold;1906,01;19-20;19-22;;;0;0;0;1;1;662,01;153,2162379;
10.9.2020;508;6;Gold;1930,4;19-20;19-22;;;0;0;0;1;1;686,4;155,1768489;
10.16.2020;509;6;Gold;1922,77;19-20;19-22;;;0;0;0;1;1;678,77;154,5635048;
10.23.2020;510;6;Gold;1924,33;19-20;19-22;;;0;0;0;1;1;680,33;154,6889068;
10.30.2020;511;6;Gold;1907,99;19-20;19-22;;;0;0;0;1;1;663,99;153,3754019;
11.6.2020;512;6;Gold;1951,35;19-20;19-22;;;0;0;0;1;1;707,35;156,8609325;
11.13.2020;513;6;Gold;1889,2;19-20;19-22;;;0;0;0;1;1;645,2;151,8649518;
11.20.2020;514;6;Gold;1888,95;19-20;19-22;;;0;0;0;1;1;644,95;151,8448553;
11.27.2020;515;6;Gold;1837,86;19-20;19-22;;;0;0;0;1;1;593,86;147,7379421;
12.4.2020;516;6;Gold;1841,08;19-20;19-22;;;0;0;0;1;1;597,08;147,9967846;
12.11.2020;517;6;Gold;1870,56;19-20;19-22;;;0;0;0;1;1;626,56;150,3665595;
12.18.2020;518;6;Gold;1885,42;19-20;19-22;;;0;0;0;1;1;641,42;151,5610932;
1.1.2021;519;6;Gold;1898,67;19-20;19-22;;;0;0;300;1;1;654,67;152,6262058;
1.8.2021;520;6;Gold;1950,01;21-22;19-22;;;0;0;0;1;1;706,01;156,7532154;
1.15.2021;521;6;Gold;1854,77;21-22;19-22;;;0;0;0;1;1;610,77;149,0972669;
1.22.2021;522;6;Gold;1871,84;21-22;19-22;;;0;0;0;1;1;627,84;150,4694534;
1.29.2021;523;6;Gold;1855,93;21-22;19-22;;;0;0;0;1;1;611,93;149,1905145;
2.5.2021;524;6;Gold;1860,78;21-22;19-22;;;0;0;0;1;1;616,78;149,5803859;
2.12.2021;525;6;Gold;1842,89;21-22;19-22;;;0;0;0;1;1;598,89;148,142283;
2.19.2021;526;6;Gold;1818,86;21-22;19-22;;;0;0;0;1;1;574,86;146,2106109;
2.26.2021;527;6;Gold;1809,67;21-22;19-22;;;0;0;0;1;1;565,67;145,471865;
3.5.2021;528;6;Gold;1738,36;21-22;19-22;;;0;0;0;1;1;494,36;139,7395498;
3.12.2021;529;6;Gold;1727,11;21-22;19-22;;;0;0;0;1;1;483,11;138,835209;
3.19.2021;530;6;Gold;1745,33;21-22;19-22;;;0;0;0;1;1;501,33;140,2998392;
3.26.2021;531;6;Gold;1739,03;21-22;19-22;;;0;0;0;1;1;495,03;139,7934084;
4.2.2021;532;6;Gold;1729,31;21-22;19-22;;;0;0;0;1;1;485,31;139,0120579;
4.9.2021;533;6;Gold;1755,84;21-22;19-22;;;0;0;0;1;1;511,84;141,1446945;
4.16.2021;534;6;Gold;1776,51;21-22;19-22;;;0;0;0;1;1;532,51;142,8062701;
4.23.2021;535;6;Gold;1793,79;21-22;19-22;;;0;0;0;1;1;549,79;144,1953376;
4.30.2021;536;6;Gold;1781,68;21-22;19-22;;;0;0;0;1;1;537,68;143,221865;
5.7.2021;537;6;Gold;1831,24;21-22;19-22;;;0;0;0;1;1;587,24;147,2057878;
5.14.2021;538;6;Gold;1843,43;21-22;19-22;;;0;0;0;1;1;599,43;148,1856913;
5.21.2021;539;6;Gold;1881,25;21-22;19-22;;;0;0;0;1;1;637,25;151,2258842;
5.28.2021;540;6;Gold;1903,77;21-22;19-22;;;0;0;0;1;1;659,77;153,0361736;
6.4.2021;541;6;Gold;1908,38;21-22;19-22;;;0;0;0;1;1;664,38;153,4067524;
6.11.2021;542;6;Gold;1899,21;21-22;19-22;;;0;0;0;1;1;655,21;152,6696141;
6.18.2021;543;6;Gold;1866,18;21-22;19-22;;;0;0;0;1;1;622,18;150,0144695;
6.25.2021;544;6;Gold;1783,27;21-22;19-22;;;0;0;0;1;1;539,27;143,3496785;
7.2.2021;545;6;Gold;1787,3;21-22;19-22;;;0;0;0;1;1;543,3;143,6736334;
7.9.2021;546;6;Gold;1808,32;21-22;19-22;;;0;0;0;1;1;564,32;145,3633441;
7.16.2021;547;6;Gold;1829,47;21-22;19-22;;;0;0;0;1;1;585,47;147,0635048;
7.23.2021;548;6;Gold;1812,64;21-22;19-22;;;0;0;0;1;1;568,64;145,7106109;
7.30.2021;549;6;Gold;1828,17;21-22;19-22;;;0;0;0;1;1;584,17;146,9590032;
8.6.2021;550;6;Gold;1813,47;21-22;19-22;;;0;0;0;1;1;569,47;145,7773312;
8.13.2021;551;6;Gold;1779,74;21-22;19-22;;;0;0;0;1;1;535,74;143,0659164;
8.20.2021;552;6;Gold;1787,82;21-22;19-22;;;0;0;0;1;1;543,82;143,7154341;
8.27.2021;553;6;Gold;1817,57;21-22;19-22;;;0;0;0;1;1;573,57;146,1069132;
9.3.2021;554;6;Gold;1827,73;21-22;19-22;;;0;0;0;1;1;583,73;146,9236334;
9.10.2021;555;6;Gold;1823,29;21-22;19-22;;;0;0;0;1;1;579,29;146,5667203;
9.17.2021;556;6;Gold;1804,51;21-22;19-22;;;0;0;0;1;1;560,51;145,057074;
9.24.2021;557;6;Gold;1774,51;21-22;19-22;;;0;0;0;1;1;530,51;142,6454984;
10.1.2021;558;6;Gold;1760,98;21-22;19-22;;;0;0;0;1;1;516,98;141,5578778;
10.8.2021;559;6;Gold;1769,57;21-22;19-22;;;0;0;0;1;1;525,57;142,2483923;
10.15.2021;560;6;Gold;1795,87;21-22;19-22;;;0;0;0;1;1;551,87;144,3625402;
10.22.2021;561;6;Gold;1792,65;21-22;19-22;;;0;0;0;1;1;548,65;144,1036977;
10.29.2021;562;6;Gold;1807,73;21-22;19-22;;;0;0;0;1;1;563,73;145,3159164;
11.5.2021;563;6;Gold;1818,36;21-22;19-22;;;0;0;0;1;1;574,36;146,170418;
11.12.2021;564;6;Gold;1864,9;21-22;19-22;;;0;0;0;1;1;620,9;149,9115756;
11.19.2021;565;6;Gold;1867,48;21-22;19-22;;;0;0;0;1;1;623,48;150,1189711;
11.26.2021;566;6;Gold;1804,65;21-22;19-22;;;0;0;0;1;1;560,65;145,068328;
12.3.2021;567;6;Gold;1784,6;21-22;19-22;;;0;0;0;1;1;540,6;143,4565916;
12.10.2021;568;6;Gold;1784,13;21-22;19-22;;;0;0;0;1;1;540,13;143,4188103;
12.17.2021;569;6;Gold;1799,35;21-22;19-22;;;0;0;0;1;1;555,35;144,642283;
12.24.2021;570;6;Gold;1810,26;21-22;19-22;;;0;0;0;1;1;566,26;145,5192926;
12.31.2021;571;6;Gold;1829,2;21-22;19-22;;;0;0;300;1;1;585,2;147,0418006;
1.7.2022;572;6;Gold;1814,6;21-22;19-22;;;0;0;0;1;1;570,6;145,8681672;
1.14.2022;573;6;Gold;1826,15;21-22;19-22;;;0;0;0;1;1;582,15;146,7966238;
1.21.2022;574;6;Gold;1840,54;21-22;19-22;;;0;0;0;1;1;596,54;147,9533762;
1.28.2022;575;6;Gold;1848,02;21-22;19-22;;;0;0;0;1;1;604,02;148,5546624;
2.4.2022;576;6;Gold;1808,28;21-22;19-22;;;0;0;0;1;1;564,28;145,3601286;
2.11.2022;577;6;Gold;1858,76;21-22;19-22;;;0;0;0;1;1;614,76;149,4180064;
2.18.2022;578;6;Gold;1898,43;21-22;19-22;;;0;0;0;1;1;654,43;152,6069132;
2.25.2022;579;6;Gold;1909,01;21-22;19-22;;;0;0;0;1;1;665,01;153,4573955;
3.4.2022;580;6;Gold;1970,7;21-22;19-22;;;0;0;0;1;1;726,7;158,4163987;
3.11.2022;581;6;Gold;2050,76;21-22;19-22;;;0;0;0;1;1;806,76;164,85209;
3.18.2022;582;6;Gold;1950,88;21-22;19-22;;;0;0;0;1;1;706,88;156,8231511;
3.25.2022;583;6;Gold;1958,29;21-22;19-22;;;0;0;0;1;1;714,29;157,4188103;
4.1.2022;584;6;Gold;1937,44;21-22;19-22;;;0;0;0;1;1;693,44;155,7427653;
4.8.2022;585;6;Gold;1947,54;21-22;19-22;;;0;0;0;1;1;703,54;156,5546624;
4.15.2022;586;6;Gold;1978,24;21-22;19-22;;;0;0;0;1;1;734,24;159,022508;
4.22.2022;587;6;Gold;1978,91;21-22;19-22;;;0;0;0;1;1;734,91;159,0763666;
4.29.2022;588;6;Gold;1905,51;21-22;19-22;;;0;0;0;1;1;661,51;153,176045;
5.6.2022;589;6;Gold;1883,81;21-22;19-22;;;0;0;0;1;1;639,81;151,431672;
5.13.2022;590;6;Gold;1854,17;21-22;19-22;;;0;0;0;1;1;610,17;149,0490354;
5.20.2022;591;6;Gold;1846,5;21-22;19-22;;;0;0;0;1;1;602,5;148,4324759;
5.27.2022;592;6;Gold;1866,45;21-22;19-22;;;0;0;0;1;1;622,45;150,0361736;
6.3.2022;593;6;Gold;1868,58;21-22;19-22;;;0;0;0;1;1;624,58;150,2073955;
6.10.2022;594;6;Gold;1871,6;21-22;19-22;;;0;0;0;1;1;627,6;150,4501608;
6.17.2022;595;6;Gold;1857,33;21-22;19-22;;;0;0;0;1;1;613,33;149,3030547;
6.24.2022;596;6;Gold;1838,74;21-22;19-22;;;0;0;0;1;1;594,74;147,8086817;
7.1.2022;597;6;Gold;1822,85;21-22;19-22;;;0;0;0;1;1;578,85;146,5313505;
7.8.2022;598;6;Gold;1808,15;21-22;19-22;;;0;0;0;1;1;564,15;145,3496785;
7.15.2022;599;6;Gold;1735,51;21-22;19-22;;;0;0;0;1;1;491,51;139,5104502;
7.22.2022;600;6;Gold;1727,64;21-22;19-22;;;0;0;0;1;1;483,64;138,8778135;
7.29.2022;601;6;Gold;1765,94;21-22;19-22;;;0;0;0;1;1;521,94;141,9565916;
8.5.2022;602;6;Gold;1791,28;21-22;19-22;;;0;0;0;1;1;547,28;143,9935691;
8.12.2022;603;6;Gold;1802,4;21-22;19-22;;;0;0;0;1;1;558,4;144,8874598;
8.19.2022;604;6;Gold;1779,71;21-22;19-22;;;0;0;0;1;1;535,71;143,0635048;
8.26.2022;605;6;Gold;1758,71;21-22;19-22;;;0;0;0;1;1;514,71;141,3754019;
9.2.2022;606;6;Gold;1737,09;21-22;19-22;;;0;0;0;1;1;493,09;139,6374598;
9.9.2022;607;6;Gold;1718,37;21-22;19-22;;;0;0;0;1;1;474,37;138,1326367;
9.16.2022;608;6;Gold;1724,54;21-22;19-22;;;0;0;0;1;1;480,54;138,6286174;
9.23.2022;609;6;Gold;1675,84;21-22;19-22;;;0;0;0;1;1;431,84;134,7138264;
9.30.2022;610;6;Gold;1660,61;21-22;19-22;;;0;0;0;1;1;416,61;133,4895498;
10.7.2022;611;6;Gold;1726,13;21-22;19-22;;;0;0;0;1;1;482,13;138,7564309;
10.14.2022;612;6;Gold;1673,19;21-22;19-22;;;0;0;0;1;1;429,19;134,5008039;
10.21.2022;613;6;Gold;1657,69;21-22;19-22;;;0;0;0;1;1;413,69;133,2548232;
10.28.2022;614;6;Gold;1664,57;21-22;19-22;;;0;0;0;1;1;420,57;133,8078778;
11.4.2022;615;6;Gold;1681,87;21-22;19-22;;;0;0;0;1;1;437,87;135,1985531;
11.11.2022;616;6;Gold;1771,24;21-22;19-22;;;0;0;0;1;1;527,24;142,3826367;
11.18.2022;617;6;Gold;1778,94;21-22;19-22;;;0;0;0;1;1;534,94;143,0016077;
11.25.2022;618;6;Gold;1755,24;21-22;19-22;;;0;0;0;1;1;511,24;141,096463;
12.2.2022;619;6;Gold;1803,1;21-22;19-22;;;0;0;0;1;1;559,1;144,9437299;
12.9.2022;620;6;Gold;1797,32;21-22;19-22;;;0;0;0;1;1;553,32;144,4790997;
12.16.2022;621;6;Gold;1810,8;21-22;19-22;;;0;0;0;1;1;566,8;145,562701;
12.23.2022;622;6;Gold;1817,94;21-22;19-22;;;0;0;0;1;1;573,94;146,1366559;
12.30.2022;623;6;Gold;1824,02;21-22;19-22;;;0;300;300;1;1;580,02;146,6254019;
1.6.2023;624;6;Gold;1865,69;23-;23-;;;0;0;0;1;1;621,69;149,9750804;
1.13.2023;625;6;Gold;1920,23;23-;23-;;;0;0;0;1;1;676,23;154,3593248;
1.20.2023;626;6;Gold;1932,24;23-;23-;;;0;0;0;1;1;688,24;155,3247588;
1.27.2023;627;6;Gold;1946,11;23-;23-;;;0;0;0;1;1;702,11;156,4397106;
2.3.2023;628;6;Gold;1950,52;23-;23-;;;0;0;0;1;1;706,52;156,7942122;
2.10.2023;629;6;Gold;1875,49;23-;23-;;;0;0;0;1;1;631,49;150,7628617;
2.17.2023;630;6;Gold;1854,31;23-;23-;;;0;0;0;1;1;610,31;149,0602894;
2.24.2023;631;6;Gold;1841,38;23-;23-;;;0;0;0;1;1;597,38;148,0209003;
3.3.2023;632;6;Gold;1856,48;23-;23-;;;0;0;0;1;1;612,48;149,2347267;
3.10.2023;633;6;Gold;1868,26;23-;23-;;;0;0;0;1;1;624,26;150,181672;
3.17.2023;634;6;Gold;1989,25;23-;23-;;;0;0;0;1;1;745,25;159,9075563;
3.24.2023;635;6;Gold;1993,4;23-;23-;;;0;0;0;1;1;749,4;160,2411576;
3.31.2023;636;6;Gold;1980,37;23-;23-;;;0;0;0;1;1;736,37;159,1937299;
4.14.2023;637;6;Gold;2040,22;23-;23-;;;0;0;0;1;1;796,22;164,0048232;
4.21.2023;638;6;Gold;2005,45;23-;23-;;;0;0;0;1;1;761,45;161,2098071;
